1,google.com
2,facebook.com
3,youtube.com
4,baidu.com
5,yahoo.com
6,amazon.com
7,wikipedia.org
9,twitter.com
10,taobao.com
11,google.co.in
12,www.live.com
14,linkedin.com
16,weibo.com
17,bing.com
18,ebay.com
19,google.co.jp
20,yandex.ru
21,vk.com
22,www.hao123.com
23,tmall.com
24,msn.com
25,instagram.com
26,google.de
27,amazon.co.jp
28,t.co
30,pinterest.com
31,onclickads.net
32,reddit.com
33,mail.ru
34,google.fr
35,paypal.com
36,google.ru
37,wordpress.com
38,google.com.br
40,blogspot.com
42,tumblr.com
44,imgur.com
45,microsoft.com
46,apple.com
48,google.it
49,amazon.de
50,google.es
51,netflix.com
52,www.imdb.com
54,www.alibaba.com
56,amazon.co.uk
57,ok.ru
58,stackoverflow.com
61,google.com.mx
62,pornhub.com
63,www.diply.com
64,google.com.hk
69,craigslist.org
70,google.com.tr
71,blogger.com
72,amazon.in
73,adnetworkperformance.com
74,xhamster.com
77,www.outbrain.com
78,espn.go.com
79,www.jd.com
82,popads.net
83,www.googleusercontent.com
84,bongacams.com
86,google.co.kr
87,google.co.id
88,bbc.co.uk
89,kat.cr
90,www.walmart.com
91,github.com
92,terraclicks.com
93,google.pl
94,dropbox.com
95,ebay.de
96,google.com.au
97,flipkart.com
98,ebay.co.uk
99,amazon.cn
100,bbc.com
101,www.pixnet.net
102,nytimes.com
103,www.alipay.com
104,wikia.com
106,dailymotion.com
107,163.com
108,adobe.com
109,sogou.com
0110,careerstep.com
112,coccoc.com
114,tradeadexchange.com
117,www.dmm.co.jp
0119,livecareer.com
120,office.com
121,google.com.tw
123,chase.com
124,google.com.eg
125,booking.com
126,google.com.sa
128,www.buzzfeed.com
129,amazon.fr
131,detail.tmall.com
133,google.com.ar
134,whatsapp.com
136,etsy.com
138,theguardian.com
142,twitch.tv
143,google.com.pk
145,www.blogspot.in
146,amazon.it
147,slideshare.net
148,bankofamerica.com
149,www.snapdeal.com
151,reimageplus.com
153,google.nl
155,quora.com
157,yelp.com
158,vice.com
160,douban.com
163,flickr.com
164,adf.ly
165,forbes.com
166,indeed.com
168,soundcloud.com
169,weather.com
171,youporn.com
172,google.co.ve
173,www.ettoday.net
174,google.co.za
176,wellsfargo.com
177,adcash.com
178,google.gr
181,popcash.net
182,leboncoin.fr
183,avito.ru
185,godaddy.com
187,zillow.com
189,about.com
191,vimeo.com
192,livejournal.com
193,theladbible.com
194,google.com.ua
195,doublepimp.com
196,salesforce.com
197,zhihu.com
198,taboola.com
199,flirchi.com
200,washingtonpost.com
201,www.nih.gov
203,amazon.es
205,9gag.com
206,tripadvisor.com
209,gfycat.com
210,kohls.com
211,steamcommunity.com
212,groupon.com
213,americanexpress.com
214,nametests.com
215,www.steampowered.com
216,feedly.com
217,wikihow.com
218,www.bilibili.com
219,www.macys.com
220,mediafire.com
221,themeforest.net
222,deviantart.com
223,files.wordpress.com
224,hclips.com
225,onet.pl
226,detik.com
227,shutterstock.com
230,wordpress.org
231,google.co.th
232,google.com.co
233,pixiv.net
240,wix.com
241,www.usps.com
242,google.ro
243,secureserver.net
244,google.be
245,mystart.com
246,archive.org
247,smzdm.com
248,www.ups.com
249,google.se
250,google.com.sg
253,web.de
255,rambler.ru
256,office365.com
257,wikimedia.org
258,www.force.com
259,abs-cbnnews.com
261,google.com.ng
262,www.orange.fr
263,www.mercadolivre.com.br
264,www.skype.com
265,weebly.com
266,github.io
267,nfl.com
268,ebay-kleinanzeigen.de
269,addthis.com
270,slickdeals.net
271,amazon.ca
272,google.com.ph
273,gmx.net
274,hdfcbank.com
277,www.newegg.com
280,liveadexchanger.com
281,mailchimp.com
283,www.speedtest.net
285,www.avg.com
286,google.at
287,www.ft.com
290,xuite.net
291,goodreads.com
292,www.uptodown.com
294,xfinity.com
296,youm7.com
298,www.samsung.com
300,ebay.in
301,www.fedex.com
302,www.dell.com
303,google.pt
304,hp.com
306,bet365.com
307,paytm.com
308,www.webmd.com
311,t-online.de
312,spiegel.de
313,google.com.pe
314,seznam.cz
315,blogfa.com
316,stumbleupon.com
317,pandora.com
318,google.ae
319,www.fbcdn.net
321,putlocker.is
322,www.capitalone.com
324,extratorrent.cc
327,all2lnk.com
328,1688.com
329,hootsuite.com
331,spotify.com
334,kaskus.co.id
335,bild.de
337,gameforge.com
338,liputan6.com
340,chaturbate.com
341,ero-advertising.com
342,rt.com
343,bloomberg.com
344,google.ch
345,2ch.net
346,badoo.com
347,jabong.com
349,mega.nz
350,verizonwireless.com
351,tubecup.com
352,answers.com
355,att.com
357,www.engadget.com
359,plarium.com
361,www.onlinesbi.com
362,www.nordstrom.com
364,www.dmm.com
365,google.cz
366,google.cl
370,wapwon.com
371,www.costco.com
372,battle.net
373,liveinternet.ru
374,tistory.com
376,google.az
377,www.retailmenot.com
378,zendesk.com
379,ebay.it
380,google.com.bd
381,icloud.com
383,eksisozluk.com
384,www.haosou.com
386,sberbank.ru
387,cnnic.cn
388,kickstarter.com
391,chaoshi.tmall.com
392,www.sahibinden.com
394,evernote.com
395,adidas.tmall.com
397,trello.com
398,www.hm.com
400,impress.co.jp
402,allrecipes.com
404,google.hu
405,www.lowes.com
406,google.dz
407,vid.me
409,watsons.tmall.com
410,google.co.il
412,repubblica.it
414,upornia.com
415,ppomppu.co.kr
416,likes.com
417,bleacherreport.com
418,hurriyet.com.tr
420,google.ie
421,list.tmall.com
423,torrentz.eu
424,ebay.com.au
427,oracle.com
428,infusionsoft.com
429,uploaded.net
431,slack.com
434,scribd.com
435,yandex.ua
436,exoclick.com
437,ask.fm
438,pinimg.com
440,www.asos.com
444,kinogo.co
445,thefreedictionary.com
447,citi.com
449,onedio.com
451,shopclues.com
452,goal.com
454,4shared.com
457,torrentz.in
458,teepr.com
459,www.sears.com
464,kinopoisk.ru
465,cbssports.com
466,www.ameba.jp
467,fiverr.com
468,shopify.com
470,taleo.net
473,irctc.co.in
475,buzzfil.net
476,free.fr
477,google.fi
478,www.nike.com
480,gamefaqs.com
481,playstation.com
482,ijreview.com
484,www.microsoftstore.com
485,surveymonkey.com
486,time.com
487,meetup.com
489,olx.in
490,youradexchange.com
492,life.com.tw
495,www.naukri.com
496,jcpenney.com
497,xe.com
498,gmarket.co.kr
499,disqus.com
500,zippyshare.com
501,www.lenovo.com
502,toysrus.com
504,xda-developers.com
505,www.overstock.com
506,neobux.com
508,lazada.co.id
510,urdupoint.com
511,nbcnews.com
512,subscene.com
513,nyaa.se
514,medium.com
515,lefigaro.fr
517,siteadvisor.com
519,mobile.de
520,albawabhnews.com
521,google.sk
522,sh.st
525,wunderground.com
526,aparat.com
529,lenta.ru
530,java.com
532,www.hatena.ne.jp
535,clickadu.com
538,ancestry.com
539,discovercard.com
540,theverge.com
541,ebates.com
542,intuit.com
544,www.mercadolibre.com.ar
545,freepik.com
546,www.mercadolibre.com.ve
547,beeg.com
548,doubleclick.net
549,bestadbid.com
550,google.dk
551,issuu.com
552,zulily.com
553,google.com.vn
554,xunlei.com
557,woot.com
559,11st.co.kr
561,appspot.com
563,www.hotels.com
565,www.bhphotovideo.com
566,www.blogspot.jp
567,nifty.com
568,staples.com
570,clien.net
573,www.expedia.com
577,www.kijiji.ca
579,www.udemy.com
580,ebay.fr
584,bukalapak.com
585,airbnb.com
587,blackboard.com
588,olx.pl
590,rottentomatoes.com
591,google.no
593,www.verizon.com
594,wayfair.com
595,www.xbox.com
597,1111.tmall.com
600,box.com
601,www.youdao.com
603,hespress.com
604,focus.de
605,popped.biz
606,sabq.org
607,realtor.com
608,www.digikala.com
609,www.japanpost.jp
610,codecanyon.net
611,duckduckgo.com
613,www.yodobashi.com
614,www.so-net.ne.jp
617,shareasale.com
618,wetransfer.com
619,zomato.com
620,timeanddate.com
621,www.urbandictionary.com
625,cdiscount.com
626,tmz.com
627,squarespace.com
628,asus.com
629,okcupid.com
630,google.com.my
631,fidelity.com
632,agoda.com
633,change.org
636,r10.net
637,researchgate.net
638,giphy.com
640,kayak.com
641,yandex.com.tr
642,www.zara.com
645,gmail.com
649,www.wired.com
651,abcnews.go.com
652,tokopedia.com
655,hostgator.com
656,php.net
657,momoshop.com.tw
658,airtel.in
659,cookpad.com
660,slimspots.com
662,constantcontact.com
664,instructure.com
665,mixi.jp
666,www.netshoes.com.br
667,academia.edu
669,swagbucks.com
671,asana.com
672,statcounter.com
673,faithtap.com
677,prpops.com
679,goo.gl
680,gamespot.com
682,fanli.com
683,superuser.com
684,www.blogspot.mx
685,billdesk.com
686,southwest.com
687,makemytrip.com
688,goodgamestudios.com
689,zappos.com
691,bomb01.com
696,glassdoor.com
698,mackeeper.com
700,www.pch.com
701,upwork.com
702,trulia.com
703,www.argos.co.uk
705,www.domaintools.com
707,www.cnbc.com
711,wikiwiki.jp
713,aweber.com
714,zoho.com
715,ero-video.net
719,www.mercadolibre.com.mx
724,shareba.com
729,gemius.pl
731,twoo.com
732,ewt.cc
734,buy.tmall.com
735,bitly.com
737,sciencedirect.com
738,leagueoflegends.com
739,norton.com
740,www.cam4.com
741,uniqlo.com
743,houzz.com
744,rapidgator.net
745,sephora.com
748,askmebazaar.com
749,jumia.com.ng
750,www.qvc.com
752,yandex.kz
753,www.samsclub.com
754,clixsense.com
758,vetogate.com
759,www.ticketmaster.com
763,www.nhk.or.jp
767,www.zing.vn
768,messenger.com
770,voc.com.cn
771,investing.com
773,www.bedbathandbeyond.com
774,olx.ua
776,weblio.jp
777,theatlantic.com
779,pureadexchange.com
780,cbs.com
781,behance.net
782,googleadservices.com
783,tnaflix.com
785,thesportbible.com
786,www.exblog.jp
787,semrush.com
788,aa.com
791,patch.com
796,www.adp.com
799,www.yallakora.com
800,www.babycenter.com
801,bodybuilding.com
802,egou.com
803,wonderlandads.com
804,gutefrage.net
805,nydailynews.com
807,www.ibm.com
808,google.co.nz
810,zone-telechargement.com
811,mit.edu
812,tsite.jp
815,usaa.com
817,wiktionary.org
819,gamestop.com
821,eventbrite.com
823,olx.com.br
825,gyazo.com
826,europa.eu
827,t-mobile.com
828,mynet.com
829,google.bg
833,www.dianping.com
835,clarin.com
836,rightmove.co.uk
838,saramin.co.kr
839,lapatilla.com
840,www.mayoclinic.org
842,gismeteo.ru
844,infoseek.co.jp
845,popsugar.com
846,coursera.org
847,primewire.ag
848,informer.com
849,www.bookmyshow.com
851,www.sky.com
852,milanuncios.com
853,www.nhl.com
855,www.banggood.com
857,disq.us
858,altervista.org
859,shutterfly.com
860,vk.me
862,mobile01.com
865,forever21.com
866,www.delta.com
868,atlassian.net
870,lifebuzz.com
871,yadi.sk
874,sbnation.com
875,www.tutorialspoint.com
876,myfitnesspal.com
879,getpocket.com
884,anitube.se
886,android.com
887,gamepedia.com
888,walgreens.com
889,androidcentral.com
891,dreamstime.com
892,www.audible.com
894,www.blogspot.com.tr
895,www.gov.uk
898,4chan.org
900,123rf.com
901,coupons.com
905,cisco.com
906,roblox.com
908,ebay.ca
910,thedailybeast.com
913,usbank.com
914,google.rs
915,ehow.com
916,ted.com
917,prezi.com
919,google.lk
921,google.by
922,www.etao.com
926,www.webex.com
928,torcache.net
930,otto.de
932,mega.co.nz
934,deezer.com
935,genius.com
936,www.barnesandnoble.com
937,drom.ru
939,eafyfsuh.net
943,united.com
944,prntscr.com
947,hardsextube.com
949,alwafd.org
951,hubspot.com
955,thisav.com
956,www.masrawy.com
958,rarbg.to
959,agar.io
960,mysmartprice.com
964,hdzog.com
966,ruten.com.tw
967,carview.co.jp
968,quizlet.com
969,www.fandango.com
970,unblocked.la
972,xing.com
975,dafont.com
976,n11.com
980,fitbit.com
983,google.com.kw
986,4pda.ru
00988,huffduffer.com
989,lego.com
991,priceline.com
994,vodlocker.com
995,www.blogspot.ru
996,google.hr
997,yjc.ir
998,ebay.es
999,tagged.com
1000,whitepages.com
1001,adme.ru
1002,bt.com
1003,victoriassecret.com
1005,vine.co
1006,www.mediaplex.com
1007,elfagr.org
1011,www.match.com
1013,nairaland.com
1014,basecamp.com
1018,bluehost.com
1019,ultimate-guitar.com
1020,videomega.tv
1023,www.kmart.com
1026,yellowpages.com
1027,www.cocolog-nifty.com
1028,istockphoto.com
1029,www.sfr.fr
1030,uptobox.com
1031,digg.com
1032,gittigidiyor.com
1033,rollingstone.com
1034,www.abs-cbn.com
1035,pagesjaunes.fr
1036,www.mapquest.com
1037,aliyun.com
1041,scoop.it
1043,yandex.by
1046,askubuntu.com
1047,usmagazine.com
1049,www.104.com.tw
1050,www.rei.com
1052,www.blogspot.de
1055,google.kz
1059,zozo.jp
1061,trafficmonsoon.com
1063,o2.pl
1064,aftonbladet.se
1066,popmyads.com
1073,entrepreneur.com
1075,myfreecams.com
1076,nouvelobs.com
1078,stanford.edu
1079,www.excite.co.jp
1080,livestrong.com
1081,uber.com
1083,vox.com
1085,id.net
1086,www.springer.com
1088,marriott.com
1090,hilton.com
1091,chefkoch.de
1092,www.dict.cc
1094,discogs.com
1095,telegram.org
1097,lynda.com
1098,www.apache.org
1099,biblegateway.com
1102,www.mxttrf.com
1104,ryanair.com
1106,fanduel.com
1107,nasa.gov
1108,ukr.net
1109,ea.com
1110,ascii.jp
1112,mgid.com
1114,indiegogo.com
1115,auto.ru
1117,www.tmall.hk
1118,prothom-alo.com
1119,movie4k.to
1120,meltybuzz.it
1121,www.hepsiburada.com
1122,hdfilmifullizle.com.tr
1123,fatosdesconhecidos.com.br
1127,iherb.com
1130,todayhumor.co.kr
1131,elwatannews.com
1132,hh.ru
1133,ozon.ru
1136,google.com.ec
1138,xtube.com
1146,www.bahn.de
1147,www.gumtree.com.au
1149,bitbucket.org
1150,jeuxvideo.com
1152,huaban.com
1155,doodle.com
1156,lifenews.ru
1158,xiami.com
1159,www.fanfiction.net
1160,hubpages.com
1163,makeuseof.com
1164,tabnak.ir
1165,heise.de
1168,2ch-c.net
1169,motherless.com
1170,gofundme.com
1171,www.nocookie.net
1172,typepad.com
1174,www.blogspot.my
1178,www.lightinthebox.com
1180,www.pbs.org
1182,buzzlie.com
1183,foursquare.com
1185,cbslocal.com
1186,postimg.org
1187,yhd.com
1188,pnc.com
1189,moz.com
1190,jw.org
1191,mcafee.com
1202,cabelas.com
1203,topix.com
1204,www.alarabiya.net
1208,www.mail.com
1210,elmogaz.com
1219,canva.com
1221,blog.ir
1223,serverfault.com
1225,polyvore.com
1226,blackfriday.com
1227,redichat.com
1228,gazetaexpress.com
1229,drugs.com
1230,voyeurhit.com
1232,codeproject.com
1234,openload.co
1236,www.feng.com
1237,arstechnica.com
1238,divar.ir
1239,gumtree.com
1240,refinery29.com
1241,google.com.do
1242,ceneo.pl
1243,ddanzi.com
1244,www.garanti.com.tr
1245,interpark.com
1248,1337x.to
1250,tvguide.com
1253,trade.tmall.com
1257,www.garmin.com
1259,habrahabr.ru
1260,www.pole-emploi.fr
1262,lg.com
1263,depositphotos.com
1264,discover.com
1266,wattpad.com
1268,cambridge.org
1271,www.ptt.cc
1272,express.pk
1273,dealnews.com
1276,websta.me
1278,drive2.ru
1280,redfin.com
1281,creditkarma.com
1282,kinox.to
1284,abc.go.com
1290,www.td.com
1291,tripadvisor.co.uk
1293,www.sony.jp
1295,www.evite.com
1296,fortune.com
1298,www.irs.gov
1299,www.qualtrics.com
1302,flightradar24.com
1305,haraj.com.sa
1306,ecnavi.jp
1307,duolingo.com
1308,www.battlefield.com
1309,sitepoint.com
1310,jcrew.com
1312,www.salon.com
1313,line.me
1315,ilfattoquotidiano.it
1316,complex.com
1317,cvs.com
1319,khanacademy.org
1320,reallifecam.com
1321,leo.org
1324,tutsplus.com
1326,po.st
1327,onliner.by
1328,www.express.co.uk
1330,dingit.tv
1331,chiphell.com
1332,wargaming.net
1334,pastebin.com
1336,lacaixa.es
1337,www.linternaute.com
1339,eztv.ag
1342,smi2.ru
1344,google.lt
1345,jobrapido.com
1347,mangbongda.net
1348,tunein.com
1349,zergnet.com
1350,metro.co.uk
1351,www.banesconline.com
1352,www.airasia.com
1355,pixabay.com
1356,www.fnac.com
1359,pantip.com
1360,www.kbb.com
1364,nextdoor.com
1365,ashleyrnadison.com
1367,theblackfriday.com
1368,www.buscape.com.br
1370,www.mic.com
1371,nbc.com
1373,google.iq
1374,fool.com
1375,thechive.com
1377,www.onlinecreditcenter6.com
1378,india-mmm.net
1379,axisbank.com
1381,hsbc.co.uk
1383,spankbang.com
1384,efukt.com
1386,www.brainyquote.com
1387,schwab.com
1389,labanquepostale.fr
1392,over-blog.com
1394,paidverts.com
1395,www.inc.com
1396,getbootstrap.com
1397,tickld.com
1398,www.jalan.net
1399,hotukdeals.com
1400,www.hsn.com
1401,bongda60.com
1402,www.economist.com
1404,www.hotstar.com
1405,sulekha.com
1406,cafemom.com
1411,ibtimes.co.uk
1412,www.walmart.com.br
1413,projectfreetv.so
1414,2gis.ru
1416,blackhatworld.com
1417,www.gotowebinar.com
1418,www.axisbank.co.in
1420,www.starbucks.com
1423,www.niuche.com
1424,super.cz
1425,www.citibank.co.in
1426,fatwallet.com
1428,national-lottery.co.uk
1430,autotrader.com
1431,dailykos.com
1432,ralphlauren.com
1433,dpreview.com
1434,w3.org
1435,piriform.com
1436,hamariweb.com
1439,www.consumerreports.org
1443,sueddeutsche.de
1444,cleartrip.com
1445,www.rakuten-card.co.jp
1447,traidnt.net
1451,www.williamhill.com
1453,www.officedepot.com
1456,tinyurl.com
1458,duba.com
1459,criteo.com
1462,uploadable.ch
1463,am15.net
1468,sopitas.com
1470,dickssportinggoods.com
1473,linio.com.mx
1474,nitroflare.com
1475,sprint.com
1476,wyborcza.pl
1479,ravelry.com
1480,www.gumtree.co.za
1481,www.gilt.com
1482,javedch.com
1483,oneplus.net
1485,srv2trking.com
1486,sierratradingpost.com
1487,lazada.com.ph
1488,www.blogspot.tw
1489,t411.in
1491,hibapress.com
1493,kinja.com
1494,terra.com.br
1496,dostor.org
1497,tripadvisor.in
1498,www.opensubtitles.org
1501,1and1.com
1502,postbank.de
1503,llbean.com
1506,upworthy.com
1507,rozblog.com
1509,www.lexpress.fr
1510,fotostrana.ru
1512,wiocha.pl
1513,ulmart.ru
1515,marktplaats.nl
1516,seekingalpha.com
1518,dhl.de
1520,kissanime.to
01522,ftccomplaintassistant.gov
1524,nnm-club.me
1525,www.edmunds.com
1526,teamviewer.com
1527,www.konga.com
1528,www.autoscout24.de
1529,virginmedia.com
1531,anjuke.com
1533,nosub.tv
1535,mint.com
1536,mvideo.ru
1537,freelancer.com
1538,google.si
1539,orf.at
1540,wmaraci.com
1541,berkeley.edu
1542,zwaar.net
1543,wish.com
1545,samplicio.us
1547,cpasbien.io
1549,olx.ro
1550,jalopnik.com
1551,dl-protect.com
1552,n-tv.de
1554,tut.by
1557,www.planetromeo.com
1559,purdue.edu
1561,www.last.fm
1562,www.dmv.org
1565,priceminister.com
1566,ubuntu.com
1567,danawa.com
1568,www.faz.net
1569,avito.ma
1570,marksandspencer.com
1572,tempo.co
1573,1und1.de
1575,www.tattoodo.com
1576,bandcamp.com
1579,digitalocean.com
1580,brazil-mmm.net
1581,oschina.net
1583,jet.com
1584,weheartit.com
1585,www.realestate.com.au
1586,reclameaqui.com.br
1587,commbank.com.au
1589,codepen.io
1590,www.17173.com
1592,www.barclaycardus.com
1593,ssisurveys.com
1594,www.1tv.ru
1598,thenextweb.com
1599,www.urbanoutfitters.com
1601,here.com
1602,itau.com.br
1603,www.tigerdirect.com
1604,jquery.com
1605,searchengineland.com
1607,humblebundle.com
1611,flashx.tv
1612,computerbild.de
1614,www.azet.sk
1616,capitalone360.com
1617,www.wwe.com
1618,pogo.com
1621,scoopwhoop.com
1622,namu.wiki
1624,cars.com
1625,rutube.ru
1629,championat.com
1630,www.sportsdirect.com
1632,www.epicurious.com
1633,archiveofourown.org
1634,bfads.net
1636,wunderlist.com
1637,www.4gamer.net
1641,www.hollywoodreporter.com
1642,unam.mx
1644,lazada.com.my
1645,paytm.in
1646,couchtuner.city
1648,poste.it
1649,jsfiddle.net
1650,ouedkniss.com
1653,greatergood.com
1654,www.telegraaf.nl
1656,caixin.com
1657,www.billboard.com
1658,opentable.com
1659,500px.com
1660,directv.com
1661,warriorforum.com
1662,wowhead.com
1663,likemag.com
1664,disney.go.com
1665,world.tmall.com
1667,orbitz.com
1668,www.kongregate.com
1669,www.privatbank.ua
1671,www.landsend.com
1673,www.joins.com
1675,newyorker.com
1678,verola.livejournal.com
1679,icims.com
1680,ticketmonster.co.kr
1682,cloudflare.com
1683,myspace.com
1685,unity3d.com
1686,webmoney.ru
1687,yourdailydish.com
1688,ulta.com
1690,tass.ru
1692,cinemablend.com
1694,empflix.com
1696,editor.wix.com
1697,wildberries.ru
1698,allmyvideos.net
1699,www.bankrate.com
1700,globaltestmarket.com
1706,moviepilot.com
1711,baiducdn.biz
1713,www.hotpepper.jp
1717,pixlr.com
1720,gstatic.com
1722,skroutz.gr
1723,miniclip.com
1724,thinkgeek.com
1726,google.lv
1728,healthline.com
1729,bloglovin.com
1730,telegrafi.com
1731,emag.ro
1737,santander.co.uk
1738,disney.com
1741,ning.com
1742,unblocked.pe
1743,herokuapp.com
1744,dribbble.com
1745,codecademy.com
1747,porntube.com
1748,www.blocket.se
1749,sindonews.com
1750,enews.com.tw
1752,login.tmall.com
1753,graphicriver.net
1761,g2a.com
1763,streamin.to
1764,www.businessweekly.com.tw
1769,rackspace.com
1775,www.telekom.com
1780,junkmail.co.za
1782,unicredit.it
1784,www.bizjournals.com
1785,goodhousekeeping.com
1786,dx.com
1787,picmonkey.com
1788,rozetka.com.ua
1789,carwale.com
1790,cda.pl
1792,cheezburger.com
1793,truecaller.com
1795,study.com
1796,tebyan.net
1797,amazon.com.mx
1798,bol.com
1799,ansa.it
1800,fnb.co.za
1802,gotomeeting.com
1805,google.tn
1806,userscloud.com
1807,shop-pro.jp
1808,imgchili.net
1809,bayt.com
1810,www.internetdownloadmanager.com
1811,mentalfloss.com
1812,google.com.gt
1813,clickbank.com
1814,yiqifa.com
1815,famitsu.com
1816,coupang.com
1819,gaana.com
1820,xkcd.com
1821,msnbc.com
1822,slashdot.org
1823,wowbogo.net
1824,jugem.jp
1827,sheknows.com
1828,20minutos.es
1830,polygon.com
1832,51job.com
1834,emirates.com
1835,pcadvisor.co.uk
1839,mysql.com
1841,www.earthlink.net
1842,www.payoneer.com
1848,ihg.com
1849,cosmopolitan.com
1851,vg.no
1852,www.zimbio.com
1855,esquire.com
1856,ae.com
1857,mtsindia.in
1859,stubhub.com
1861,dawn.com
1862,craigslist.ca
1866,liberation.fr
1867,ebscohost.com
1868,careerbuilder.com
1871,plugrush.com
1872,kinozal.tv
1873,www.bustle.com
1874,flipboard.com
1876,zalando.de
1877,who.is
1879,grammarly.com
1880,livingsocial.com
1881,namecheap.com
1882,www.shaadi.com
1883,fastpic.ru
1887,www.ed.gov
1889,getresponse.com
1890,www.tagesschau.de
1891,www.redbox.com
1892,uludagsozluk.com
1894,www.nttdocomo.co.jp
1896,medicinenet.com
1897,jd.hk
1900,ck101.com
1901,ny.gov
1903,www.sonymobile.com
1905,freecharge.in
1907,bc.vc
1908,solarmovie.ph
1909,thestorypedia.com
1910,templatemonster.com
1911,techtarget.com
1912,iqoption.com
1916,umich.edu
1918,cornell.edu
1919,www.logitech.com
1921,dawanda.com
1923,www.autotrader.co.uk
1924,showroomprive.com
1925,nmisr.com
1927,worldoftanks.ru
1928,finn.no
1929,ahrefs.com
1930,mainichi.jp
1932,zopim.com
1934,www.heureka.cz
1939,mediamarkt.de
1940,www.webcrawler.com
1941,www.shufoo.net
1943,www.lonelyplanet.com
1944,lostfilm.tv
1945,malltail.com
1947,www.city-data.com
1951,shoutmeloud.com
1952,www.itv.com
1953,www.cityheaven.net
1954,trademe.co.nz
1955,segundamano.mx
1956,alexa.com
1957,www.softbank.jp
1958,periscope.tv
1963,revenuehits.com
1964,href.li
1965,kaspersky.com
1966,otomoto.pl
1969,similarweb.com
1970,smallpdf.com
1972,rr.com
1973,healthcare.gov
1977,www.michaels.com
1978,www.bloomingdales.com
1979,strava.com
1980,vrbo.com
1981,iminent.com
1982,www.boots.com
1988,joomla.org
1990,google.co.ma
1991,www.neimanmarcus.com
1992,www.medscape.com
1993,so.com
1994,goibibo.com
1995,unilad.co.uk
1996,okwave.jp
1998,www.okta.com
1999,www.bmi.ir
2000,watchseries.li
2001,www.starwoodhotels.com
2003,jstor.org
2005,iltalehti.fi
2007,nyaa.eu
2008,bgr.com
2010,plurk.com
2011,edx.org
2013,trafficfactory.biz
2015,mbank.pl
2016,washington.edu
2017,timeout.com
2019,conservativetribune.com
2023,www.wolframalpha.com
2024,addtoany.com
2027,creativemarket.com
2028,newsnow.co.uk
2030,imagetwist.com
2032,yts.ag
2033,www.backcountry.com
2035,alitrip.com
2037,lastampa.it
2038,ksl.com
2039,redbubble.com
2042,lamoda.ru
2044,www.columbia.edu
2049,www.fiducia.de
2050,homeaway.com
2053,google.com.pr
2055,lohaco.jp
2056,www.carters.com
2057,elance.com
2058,www.vmware.com
2059,variety.com
2060,lockerdome.com
2061,www.ieee.org
2062,www.halifax-online.co.uk
2063,www.layalina.com
2066,bbb.org
2068,www.maybank2u.com.my
2070,www.caisse-epargne.fr
2071,www.money.pl
2074,cafe24.com
2076,envato.com
2077,cumhuriyet.com.tr
2078,www.mheducation.com
2080,www.disneystore.com
2083,www.bancomercantil.com
02084,balibackpacker.blogspot.co.id
2085,mtime.com
2087,aggeliopolis.gr
2088,meituan.com
2089,avira.com
2090,www.almubasher.com.sa
2091,forocoches.com
2093,huihui.cn
2102,www.easyjet.com
2103,barclays.co.uk
2104,www.miniinthebox.com
2106,n156adserv.com
2107,telegram.me
2108,googleapis.com
2109,ink361.com
2110,tradedoubler.com
2112,fetlife.com
2113,www.ucla.edu
2115,expressen.se
2116,yify-torrent.org
2119,www.ponparemall.com
2121,mmotraffic.com
2124,hugedomains.com
2127,hellogiggles.com
2131,www.blogspot.kr
2132,sports.ru
2133,viadeo.com
2136,www.pepperfry.com
2137,wykop.pl
2140,vanguard.com
2141,cardekho.com
2143,minecraft-italia.it
2144,daikynguyenvn.com
2145,mercola.com
2146,draftkings.com
2147,pretty52.com
2148,etorrent.co.kr
2150,pochta.ru
2152,www.ntv.ru
2154,python.org
2156,www.vivanuncios.com.mx
2162,bamilo.com
2164,www.givemesport.com
2165,www.kddi.com
2166,utexas.edu
2167,moneysavingexpert.com
2169,marketgid.com
2170,uproxx.com
2173,hollywoodlife.com
2174,www.suntrust.com
2175,buffer.com
2179,lds.org
2180,www.autoblog.com
2184,online-convert.com
2187,www.yr.no
2188,www.monografias.com
2189,www.zybang.com
2190,webs.com
2191,angieslist.com
2192,serviporno.com
2193,wikispaces.com
2194,monotaro.com
2196,www.cowboom.com
2197,pckeeper.com
2199,sparknotes.com
2202,heavy.com
2203,trgino.com
2204,www.ustream.tv
2206,made-in-china.com
2208,distractify.com
2209,www.elsevier.com
2211,elle.com
2212,laredoute.fr
2217,www.bet365.es
2218,ontests.me
2219,teespring.com
2222,asp.net
2225,delfi.lt
2226,gidonline.club
2227,skrill.com
2228,www.nordstromrack.com
2229,filmesonlinegratis.net
2230,8tracks.com
2231,www.elcorteingles.es
2234,thevideo.me
2237,www.adorama.com
2238,weathernews.jp
2240,tdbank.com
2241,laposte.fr
2242,betradar.com
2244,techrepublic.com
2245,spanishdict.com
2247,onlinekhabar.com
2249,www.vodafone.in
2250,mydealz.de
2252,www.theweathernetwork.com
2255,ubuntuforums.org
2257,tasteofhome.com
2258,chess.com
2260,www.sbisec.co.jp
2261,xueqiu.com
2263,www.popmog.com
2265,edmodo.com
2266,shopbop.com
2267,fotolia.com
2269,wikiwand.com
2270,www.caranddriver.com
2272,www.debenhams.com
2275,www.marmiton.org
2277,www.ana.co.jp
2278,inmotionhosting.com
2279,vanguardngr.com
2280,www.manta.com
2281,crunchbase.com
2282,www.nvidia.com
2284,friendlife.com
2286,sape.ru
2287,www.rbcroyalbank.com
2288,www.boursorama.com
2289,payu.in
2290,duden.de
2293,www.skyscanner.net
2294,vagalume.com.br
2297,cheatsheet.com
2300,www.walmart.ca
2301,www.meteofrance.com
2303,www.journaldesfemmes.com
2304,iltasanomat.fi
2306,bigcartel.com
2307,gtmetrix.com
2308,juksy.com
2311,www.trovaprezzi.it
2312,proboards.com
2314,alnaharegypt.com
2315,www.stuff.co.nz
2317,britishairways.com
2319,www.att.net
2323,google.jo
2326,mobafire.com
2327,trafficshop.com
2329,www.macromill.com
2330,elegantthemes.com
2331,yify-movie.com
2333,uefa.com
2338,gocomics.com
2340,drupal.org
2343,concursolutions.com
2344,pingdom.com
2345,deutsche-bank.de
2346,tosarang2.net
2347,dominos.com
2356,bradsdeals.com
2358,linguee.fr
2359,www.trovi.com
2360,psychologytoday.com
2361,shine.com
2363,multitran.ru
2366,www.cmbchina.com
2370,bizrate.com
2372,akairan.com
2375,predictivadvertising.com
2376,myhabit.com
2377,www.olx.ph
2379,citilink.ru
2381,beeline.ru
2382,www.societegenerale.fr
2384,skyrock.com
2386,www.books.com.tw
2388,www.next.co.uk
2390,flaticon.com
2391,www.alimama.com
2392,dsw.com
2393,prom.ua
2395,rawstory.com
2396,sap.com
2397,google.com.bo
2398,sonyentertainmentnetwork.com
2403,wisc.edu
2405,index.hr
2406,toyokeizai.net
2409,www.suruga-ya.jp
2410,thomann.de
2411,delicious.com
2412,ycombinator.com
2413,comenity.net
2416,profitboosterapp.com
2417,tchibo.de
2418,elitedaily.com
2420,shein.com
2421,uniqlo.tmall.com
2422,dagbladet.no
2425,yandex.com
2426,www.citrixonline.com
2429,www.arbeitsagentur.de
2430,willhaben.at
2431,www.hln.be
2434,jetbrains.com
2435,www.kijiji.it
2437,watchfree.to
2440,blackberry.com
2441,mos.ru
2443,www.travelocity.com
2445,windowscentral.com
2446,vidbull.com
2451,www.newsmax.com
2453,www.creditmutuel.fr
2454,591.com.tw
2456,gog.com
2457,css-tricks.com
2458,un.org
2459,addmefast.com
2460,www.docusign.net
2462,nyu.edu
2463,viralnova.com
2464,mamba.ru
2465,go2cloud.org
2466,alfabank.ru
2467,tripadvisor.it
2470,invisionapp.com
2471,gamme.com.tw
2472,healthgrades.com
2473,squareup.com
2474,animeflv.net
2475,amd.com
2477,pubted.com
2478,smugmug.com
2480,ing.nl
2481,1111.com.tw
2482,tiu.ru
2483,avast.com
2485,whatculture.com
2486,puu.sh
2487,venturead.com
2490,pelis24.com
2491,everydayhealth.com
2492,qiwi.com
2494,tukif.com
2495,lidl.de
2498,www.carsensor.net
2502,fivethirtyeight.com
2504,www.nhs.uk
2505,mediametrics.ru
2506,www.ford.com
2507,alaraby.co.uk
2508,www.livemaster.ru
2510,cj.com
2513,www.history.com
2514,www.freelotto.com
2515,searchengines.guru
2516,standardmedia.co.ke
2517,hi5.com
2518,betfair.com
2520,etrade.com
2521,wpengine.com
2522,tandfonline.com
2523,dubizzle.com
2524,screencast.com
2525,www.thestreet.com
2529,sony.com
2530,ingbank.pl
2531,zoopla.co.uk
2532,www.tim.it
2535,gogoanime.tv
2536,zdf.de
2540,www.pizzahut.com
2541,caf.fr
2542,qatarairways.com
2543,pudelek.pl
2544,finishline.com
2545,daraz.pk
2547,www.saksfifthavenue.com
2550,umn.edu
2551,naij.com
2553,sme.sk
02555,belta-shop.jp
2557,web.tv
2559,zanox.com
2561,iheart.com
2562,www.shopstyle.com
2568,suumo.jp
2569,teacherspayteachers.com
2573,tune.pk
2574,freshdesk.com
2582,www.jal.co.jp
2583,www.dmoz.org
2584,bestblackhatforum.com
2585,www.gumtree.pl
2587,www.aruba.it
2588,mathworks.com
2592,www.fanatik.com.tr
2594,pbskids.org
2597,blesk.cz
2598,wittyfeed.com
2599,pex.jp
2600,collegeboard.org
2601,dailycaller.com
2602,incruit.com
2604,torrentkim1.net
2605,4cdn.org
2607,www.lcl.fr
2609,perezhilton.com
2610,instantcheckmate.com
2613,intl-alliance.com
2614,www.sky.it
2616,ccavenue.com
2619,pccomponentes.com
2623,vixnixxer.com
2625,yammer.com
2626,gizmag.com
2627,illinois.edu
2628,hizliresim.com
2629,www.blogspot.pe
2630,dizibox.com
2632,eleconomista.es
2634,centrum.cz
2636,www.fanpage.it
2638,seriesflv.net
2641,www.blogspot.com.co
2643,solarmovie.ac
2644,utorrent.com
2645,infojobs.net
2646,www.anthropologie.com
2647,joann.com
2648,www.lomadee.com
2649,bigfishgames.com
2651,mirrorcreator.com
2653,overdrive.com
2654,babyblog.ru
2659,goodsearch.com
2662,google.com.gh
2664,www.fastcompany.com
2665,venturebeat.com
2667,www.easybib.com
2668,chegg.com
2670,4tube.com
2675,hotwire.com
2678,kaiserpermanente.org
2680,op.gg
2681,ivi.ru
02682,locklockqc.tmall.com
2683,playbuzz.com
2684,sendspace.com
2685,www.mizuhobank.co.jp
2686,readthedocs.org
2687,oxforddictionaries.com
2688,www.sinaimg.cn
2689,sedty.com
2690,olx.com.pk
2691,amung.us
2692,telekom.de
2693,www.charter.net
2694,alluc.ee
2695,mudah.my
2696,filgoal.com
2699,gravatar.com
2700,check24.de
2702,farfetch.com
2703,easyhits4u.com
2704,shopathome.com
2707,searchlock.com
2708,origin.com
2709,turnitin.com
2710,bmo.com
2711,laposte.net
2713,telecinco.es
2715,malwarebytes.org
2716,www.bathandbodyworks.com
2719,canalblog.com
2721,ipage.com
2722,filmon.com
2723,www.mercadolibre.com.co
2724,allmusic.com
2725,xiu.com
2726,icook.tw
2727,hilltopads.net
2732,1fichier.com
2733,commerzbank.de
2734,lotterypost.com
2735,ucdavis.edu
2736,banki.ru
2737,diigo.com
2738,mmgp.ru
2739,www.mango.com
2740,bbva.es
2743,chatwork.com
2745,www.thrillist.com
2746,navyfederal.org
2747,angel.co
2748,tripadvisor.fr
2751,ojooo.com
2752,mexico-mmm.net
2753,tiboo.cn
2754,khamsat.com
2756,www.saraiva.com.br
2757,boardgamegeek.com
2758,sexvideos88.com
2759,www.zoominfo.com
2761,seek.com.au
2768,www.cibc.com
2770,linkshrink.net
2771,mathxl.com
2772,yonhapnews.co.kr
2773,google.ba
2775,streamable.com
2776,haqqin.az
2779,islamweb.net
2782,www.adidas.com
2787,www.walla.co.il
2788,westpac.com.au
2791,nrk.no
2793,lufthansa.com
2794,www.tecmundo.com.br
2795,tinydeal.com
2797,ingdirect.es
2798,drugstore.com
2799,harpersbazaar.com
2800,www.levi.com
2801,atlassian.com
2803,prestashop.com
2804,www.bellemaison.jp
2805,www.ecpmrocks.com
2806,iconfinder.com
2808,movierulz.to
2809,facilisimo.com
2810,youngcons.com
2813,www.neteller.com
2814,magazineluiza.com.br
2817,www.leroymerlin.fr
2818,yummly.com
2820,google.ee
2822,resellerclub.com
2823,rimanews.com
2824,www.jetblue.com
2827,censor.net.ua
2828,trustpilot.com
2829,subscribe.ru
2831,cima4u.tv
2833,www.cnyes.com
2834,crhoy.com
2835,www.bancsabadell.com
2836,www.ubi.com
2839,www.scholastic.com
2841,www.tsu.co
2842,www.natwest.com
2845,www.boston.com
2846,www.toshiba.com
2848,logmein.com
2851,cargurus.com
2852,geico.com
2853,bostonglobe.com
2854,ekstrabladet.dk
2857,petsmart.com
2861,www.mafengwo.cn
2862,literotica.com
2864,nur.kz
2865,www.panasonic.com
2869,ssa.gov
2875,lumosity.com
2878,abv.bg
2879,adreactor.com
2880,craftsy.com
2882,ifttt.com
2884,www.sagepub.com
2885,hyatt.com
2886,csfd.cz
2889,privat24.ua
2890,blastingnews.com
2892,acesse.com
2893,discovery.com
2894,mindbodyonline.com
2895,pornxs.com
2896,www.espnfc.com
2897,bet-at-home.com
2901,schoology.com
2902,www.fotor.com
2903,www.ouest-france.fr
2905,nab.com.au
2907,www.smbc-card.com
2911,anz.com
2912,saturn.de
2913,kotobank.jp
2915,bintang.com
2916,ifixit.com
2917,www.scout.com
2919,foundationapi.com
2921,livestream.com
2922,bigrock.in
2923,zalukaj.tv
2929,minecraft.net
2931,sbicard.com
2932,exist.ru
2933,mk.co.kr
2934,blockchain.info
2935,www.mysurvey.com
2936,about.me
2937,netvibes.com
2938,opencart.com
2940,codeplex.com
2943,tribune.com.pk
2944,ashemaletube.com
2946,gosuslugi.ru
2947,www.rivals.com
2948,torrentdownloads.me
2951,name.com
2952,www.ipeen.com.tw
2954,megogo.net
2955,christian-dogma.com
2957,www.gruposantander.es
2959,kotak.com
2961,1varzesh.com
2962,sport.cz
2963,mytoys.de
2966,www.labirint.ru
2969,centurylink.com
2970,le360.ma
2972,patreon.com
2974,morningstar.com
2975,hearthpwn.com
2979,domain.com.au
2980,txxx.com
2981,uservoice.com
2983,myfonts.com
2985,shasha.ps
2987,www.gamefactory.jp
2988,shop.com
2989,blackfriday.fm
2990,www.papajohns.com
2991,express.com
2992,dxy.cn
2993,popularmechanics.com
2995,woothemes.com
2998,myworkday.com
2999,buenastareas.com
3000,leadpages.net
3001,www.geforce.com
3003,mightytext.net
3005,3sk.tv
3006,uscis.gov
3008,nasdaq.com
3010,plex.tv
3011,www.blogspot.com.ng
3012,pornerbros.com
3014,www.signupgenius.com
3016,boingboing.net
3018,xn--igbhe7b5a3d5a.com
3019,kakao.com
3023,todoist.com
3026,armorgames.com
3028,solidfiles.com
3029,bouyguestelecom.fr
3030,uploadboy.com
3032,almaany.com
3033,tuikuan.tmall.com
3034,appbank.net
3035,familysearch.org
3037,visualstudio.com
3038,shopyourway.com
3039,cafepress.com
3040,superjob.ru
3041,shoplocal.com
3043,einfachporno.com
3044,www.goo-net.com
3046,google.co.tz
3047,blick.ch
3048,linguee.de
3049,olx.kz
3051,www.modcloth.com
3053,imore.com
3055,worldcat.org
3057,udacity.com
3058,nhaccuatui.com
3059,mybroadband.co.za
3060,porndig.com
3063,tvrain.ru
3064,spokeo.com
3065,www.freenet.de
3067,www.amc.com
3070,vodafone.de
3072,clicrbs.com.br
3076,cuny.edu
3077,citibank.com
3078,korabia.com
3081,www.googlevideo.com
3082,babbel.com
3085,www.nj.com
3089,fanpop.com
3093,uloz.to
3094,my.com
3095,withgoogle.com
3098,adservone.com
3102,qafqazinfo.az
3104,www.siriusxm.com
3107,repelis.tv
3110,hola.com
3111,www.nissen.co.jp
3113,zoosk.com
3114,filmaffinity.com
3115,elbotola.com
3116,qiita.com
3117,nzherald.co.nz
3121,megafon.ru
3122,mapy.cz
3124,lastpass.com
3126,www.gettyimages.com
3127,www.underarmour.com
3128,www.synchronycredit.com
3131,www.cheapoair.com
3136,www.very.co.uk
3139,www.walmart.com.mx
3140,www.lloydsbank.com
3142,cint.com
3143,ovh.com
3147,ezinearticles.com
03148,www.vmcsubastas.com
3150,saavn.com
3154,mathrubhumi.com
3155,static1.squarespace.com
3158,www.ipko.pl
3160,aplus.com
3161,www.thestar.com
3162,tubeplus.is
3164,cox.com
3165,confirmit.com
3166,bettycrocker.com
3168,aktuality.sk
3174,www.home.pl
3175,www.toranoana.jp
3176,ucsd.edu
3178,guokr.com
3179,www.ponta.jp
3180,alc.co.jp
3183,deseretnews.com
3184,jang.com.pk
3185,kapook.com
3189,dpstream.net
3191,www.eelly.com
3192,gfxtr.net
3193,countryliving.com
3194,nanowrimo.org
3195,olx.pt
3198,hentaihaven.org
3200,www.hmv.co.jp
3201,regions.com
3203,www.crateandbarrel.com
3204,regnum.ru
3206,yourbittorrent.com
3207,nespresso.com
3208,jvzoo.com
3209,www.rueducommerce.fr
3211,google.com.sv
3212,pr-cy.ru
3214,geektimes.ru
3216,realstreamunited.com
3217,smashingmagazine.com
3219,pcpartpicker.com
3220,ixbt.com
3222,santabanta.com
3224,hbr.org
3226,www.githubusercontent.com
3227,kabum.com.br
3229,mediamarkt.es
3230,bazos.cz
3234,coursehero.com
3237,pons.com
3238,watchepisodes.tv
3239,google.com.uy
3240,www.autoscout24.it
3241,ing-diba.de
3243,wuxiaworld.com
3246,lesechos.fr
3249,wikibooks.org
3250,www.al.com
3252,sparkpeople.com
3254,www.royalmail.com
3255,wufoo.com
3256,amazon.com.br
3258,minuto30.com
3259,www.usembassy.gov
3262,raspberrypi.org
3263,www.philips.com
3264,www.oanda.com
3266,diamond.jp
3267,aa.com.tr
3269,tripadvisor.es
3271,dayt.se
3272,menards.com
3273,cmu.edu
3274,www.htc.com
3276,commonfloor.com
3277,www.citationmachine.net
3279,onhax.net
3281,webhostingtalk.com
3283,pointtown.com
3289,www.omni7.jp
3290,techinsider.io
3294,derstandard.at
3298,motorola.com
3302,streaming-unlimited.com
3303,webgains.com
3304,freshbooks.com
3305,www.mangocity.com
3308,dntrax.com
3311,warthunder.com
3312,bonprix.de
3313,etonline.com
3316,allkpop.com
3317,thinkprogress.org
3319,hghit.com
3321,mapion.co.jp
3323,couchsurfing.com
3324,decolar.com
3326,www.blogosfera.uol.com.br
3329,media-fire.org
3333,videohive.net
3335,dikaiologitika.gr
3336,www.usda.gov
3337,sankakucomplex.com
3338,eltiempo.es
3342,lolking.net
3346,motherjones.com
3348,dr.dk
3350,mxtoolbox.com
3351,www.navitime.co.jp
3352,mataharimall.com
3354,kanald.com.tr
3355,cwtv.com
3356,www.dailydot.com
3357,xero.com
3358,dealsplus.com
3359,payscale.com
3360,www.symantec.com
3361,www.sainsburys.co.uk
3363,twitcasting.tv
3364,wwwpromoter.com
3366,www.spiceworks.com
3367,viki.com
3368,punchng.com
3369,yourstory.com
3370,cpanel.net
3372,umd.edu
3373,www.mercadolibre.com
3375,www.aufeminin.com
3379,www.nwolb.com
3380,torrentfreak.com
3382,explosm.net
3383,sarizeybekhaber.com.tr
3384,homes.co.jp
3385,directadvert.ru
3388,zoom.com.br
3390,www.fdj.fr
3391,naijaloaded.com.ng
3394,jusbrasil.com.br
3398,shmoop.com
3399,thirtydaychange.com
3400,bookingbuddy.com
3404,dreevee.com
3405,www.hollisterco.com
3406,www.nsw.gov.au
3407,www.standardchartered.com
3408,www.net-a-porter.com
3409,meduza.io
3411,www.sourcenext.com
3412,55haitao.com
3413,ehanex.com
3416,iptorrents.com
3417,www.abercrombie.com
3418,3dnews.ru
3422,www.stargames.com
3425,dhs.gov
3426,runetki.com
3427,www.dn.se
3428,moi.gov.sa
3430,mmo-champion.com
3437,www.menshealth.com
3438,www.pressroomvip.com
3445,mrrebates.com
3446,zdbb.net
3447,eater.com
3448,carrefour.fr
3449,isimtescil.net
3450,dafiti.com.br
3451,www.fixya.com
3453,chowhound.com
3455,couponfollow.com
3457,rockstargames.com
3459,usajobs.gov
3460,www.successfactors.com
3461,24video.net
3464,groupon.co.uk
3465,imgbox.com
3466,www.eventim.de
3467,footlocker.com
3468,sportsauthority.com
3471,accountonline.com
3474,msu.edu
3475,eurogamer.net
3476,jobandtalent.com
3477,oxfordjournals.org
3478,tusfiles.net
3479,sport-express.ru
3480,commonapp.org
3482,nationalreview.com
3483,gigacircle.com
3485,tomtom.com
3488,usagc.org
3491,lazada.co.th
3494,www.loft.com
3499,linkis.com
3501,transfermarkt.de
3502,princeton.edu
3505,vg247.com
3506,www.amtrak.com
3508,scottrade.com
3510,animaljam.com
3511,www.jcb.co.jp
3513,jorudan.co.jp
3515,torrentfunk.com
3516,demotywatory.pl
3518,www.petco.com
3519,www.jetstar.com
3521,yale.edu
3522,xcams.com
3525,bigbasket.com
3526,www.costco.ca
3529,www.yes24.com
3530,joemonster.org
3533,payumoney.com
3534,www.kaola.com
3535,readms.com
3538,ets.org
3540,15min.lt
3542,redbus.in
3543,syosetu.org
3546,www.childrensplace.com
3547,acesso.uol.com.br
3548,dolartoday.com
3551,www.worldmarket.com
3553,www.inps.it
3556,mabanque.bnpparibas
3558,flightaware.com
3560,buzzhand.com
3561,hitc.com
3562,www.independent.ie
3563,www.rakuten-sec.co.jp
3564,www.vanityfair.com
3565,kisscartoon.me
3568,market-buster.com
3570,sekindo.com
3571,zalando.it
3573,www.a-q-f.com
3574,joshinweb.jp
3576,siteground.com
3580,turkiye.gov.tr
3583,www.ole.com.ar
3584,reverbnation.com
3587,vmall.com
3589,toutiao.com
3591,www.isbank.com.tr
3594,biglike.com
3597,limeroad.com
3599,pulse.ng
3600,donnaplay.com
3601,rincondelvago.com
3602,alarab.com
3604,isohunt.to
3606,www.vatanbilgisayar.com
3611,qip.ru
3612,www.eastbay.com
3613,canadiantire.ca
3614,www.biccamera.com
3615,travelzoo.com
3617,svyaznoy.ru
3620,ratewrite.tmall.com
3621,www.espnfc.us
3623,talktalk.co.uk
3626,www.kroger.com
3628,vitacost.com
3629,statista.com
3632,statefarm.com
3633,www.mlive.com
3634,gottabemobile.com
3635,urban-rivals.com
3636,www.nextdirect.com
3637,hottopic.com
3638,clickfunnels.com
3641,santander.com.br
3645,utarget.ru
3646,clickpoint.com
3649,optimum.net
3650,fanatics.com
3655,funnyjunk.com
3657,channel4.com
3662,www.etnet.com.hk
3663,acrobat.com
3664,mobtada.com
3665,www.conrad.de
3666,www.arcor.de
3671,what-character-are-you.com
3674,mundosexanuncio.com
3675,weightwatchers.com
3677,britannica.com
3678,ohmyzip.com
3679,lapresse.ca
3681,belk.com
3684,reed.co.uk
3685,ruelala.com
3686,letras.mus.br
3691,jobvite.com
3692,www.jacquielawson.com
3693,piliapp.com
3695,www.resultados-futbol.com
3697,ebay.ie
3698,tradeindia.com
3703,viator.com
3704,www.newlook.com
3705,govdelivery.com
3709,openoffice.org
3710,research-panel.jp
3713,www.clicktripz.com
3715,ria.com
3716,baidu.ge
3717,infibeam.com
3718,www.recruit.co.jp
3719,litmir.co
3720,triphobo.com
3721,tamilrockers.com
3722,verseriesynovelas.tv
3723,gptplanet.com
3724,shareonion.com
3726,searchenginewatch.com
3727,westernjournalism.com
3730,alternativeto.net
3731,mamaclub.com
3733,auchan.fr
3734,fotocasa.es
3735,bungie.net
3739,tvline.com
3741,www.gq.com
3744,theknot.com
3745,th3professional.com
3746,testberichte.de
3747,streamcomplet.com
3748,www.mydocomo.com
3750,freekaamaal.com
3751,duga.jp
3752,wpmudev.org
3753,www.unc.edu
3754,zamzar.com
3755,www.aaa.com
3756,hltv.org
3757,peopleperhour.com
3758,www.petfinder.com
3759,buxvertise.com
3761,www.tam.com.br
3762,www.aeriagames.com
3763,nyc.gov
3765,gamerch.com
3768,oddshot.tv
3769,ighome.com
3770,consultant.ru
3774,elevenia.co.id
3777,thelogicalindian.com
3778,teamtreehouse.com
3779,guildwars2.com
3780,nrttv.com
3783,www.bidorbuy.co.za
3785,typeform.com
3786,aktualne.cz
3789,inosmi.ru
3790,videolan.org
3792,desirulez.me
3793,www.bookdepository.com
3795,linode.com
3796,searchenginejournal.com
3799,www.kariyer.net
3800,fiuxy.com
3802,www.honda.co.jp
3805,opendns.com
3807,asu.edu
3809,google.com.kh
3810,mypoints.com
3812,www.intesasanpaolo.com
3813,roku.com
3814,simplyhired.com
3818,www.autozone.com
3819,androidpolice.com
3821,centrum24.pl
3823,angularjs.org
3827,jandan.net
3828,usenet.nl
3830,www.netgear.com
3831,adfa.co
3832,androidpit.com
3836,ya.ru
3837,katespade.com
3842,surveygizmo.com
3843,houseoffraser.co.uk
3844,vedomosti.ru
3845,eroticbeauty.com
3848,draugiem.lv
3851,comdirect.de
3854,opera.com
3855,adfa.cc
3856,tripadvisor.com.br
3859,www.h2porn.com
3861,redflagdeals.com
3862,www.ideacellular.com
3864,secondlife.com
3867,www.alibaba-inc.com
3870,fark.com
3871,adsupply.com
3872,servedbytrackingdesk.com
3873,enuri.com
3875,groupon.it
3877,telegraf.com.ua
3880,www.sc.com
3881,traffichunt.com
3882,delfi.lv
3883,marinetraffic.com
3884,tripadvisor.de
3885,www.bancoestado.cl
3886,rsch.jp
3887,gouv.qc.ca
3889,packagetrackr.com
3893,eset.com
3894,opposingviews.com
03896,pulsesolutions.com
3898,gnc.com
3899,magentocommerce.com
3902,farpost.ru
3903,whirlpool.net.au
3906,tamu.edu
3907,www.saisoncard.co.jp
3912,freevideo.cz
3913,younow.com
3916,www.tamin.ir
03917,rentalo.com
3918,www.dailystar.co.uk
3919,www.businesswire.com
3920,ngs.ru
3921,www.guff.com
3922,spotlight-media.jp
3923,paper.li
3924,bankia.es
3927,nos.nl
3928,storypick.com
3929,www.musiciansfriend.com
3930,viidii.info
3931,36kr.com
3933,team-bhp.com
3937,nhac.vn
3939,99designs.com
3940,heavy-r.com
3941,www.mindbodygreen.com
3944,www.eddiebauer.com
3945,etoro.com
3946,tiphero.com
3947,ancestry.co.uk
3951,on.cc
3952,expatriates.com
3953,wow-impulse.net
3954,tvnet.lv
3956,53.com
3957,dramafever.com
3958,flippa.com
3959,izlesene.com
3961,www.virustotal.com
3965,www.safeway.com
3966,daliulian.net
3967,homes.com
3968,patagonia.com
3969,alza.cz
3971,www.hattrick.org
3975,dkb.de
3976,elespectador.com
3977,diy.com
3978,fs.to
3979,yemeksepeti.com
3980,deadline.com
3987,email.cz
3988,hqrevshare.com
3989,vogue.com
3991,www.playground.ru
3993,www.carmax.com
3996,npmjs.com
3997,centurylink.net
3998,kissmanga.com
3999,myvidster.com
4000,jkanime.net
4001,google.com.af
4003,olx.com.eg
4004,local.com
4005,k2s.cc
4006,olx.uz
4011,alsbbora.com
4012,www.commonhealth.com.tw
4013,homepage-web.com
4017,duke.edu
4018,www.vodafone.it
4019,songspk.link
4021,coinbase.com
4022,www.univision.com
4024,oriflame.com
4026,toluna.com
4027,stripe.com
4030,qilook.com
4032,www.sofmap.com
4034,nps.gov
4035,www.gpoint.co.jp
4036,ox.ac.uk
4038,ligtv.com.tr
4039,shorte.st
4041,mybrand.tmall.com
4042,worldpay.com
4043,pornjam.com
4045,mazika2day.com
4048,shoebuy.com
4049,ixl.com
4052,uchicago.edu
4053,break.com
4055,dmhy.org
4057,mixcloud.com
4059,www.movistar.es
4060,telerik.com
4061,smartprix.com
4063,elkhabar.com
4065,padlet.com
4067,nintendo.com
4070,www.game.co.uk
4071,www.bu.edu
4072,curse.com
4074,www.rtl.fr
4075,incometaxindiaefiling.gov.in
4076,www.topshop.com
4078,infolinks.com
4079,klm.com
4081,maplestage.com
4084,www.ad.nl
4086,touchofmodern.com
4087,grandbux.net
4088,admitad.com
4089,asg.to
4090,www.omegle.com
4095,notebooksbilliger.de
4096,njuskalo.hr
4101,samar-yousif.com
4103,mercadopago.com
4105,kinokrad.net
4108,www.sbs.co.kr
4110,limetorrents.cc
4111,www.santandernet.com.br
4112,payback.de
4113,www.direct.gov.uk
4115,kodi.tv
4116,teamliquid.net
4117,irishtimes.com
4118,www.gohappy.com.tw
4120,scarlet-clicks.info
4121,www.creditonebank.com
4122,lifehacker.ru
4124,elheddaf.com
4125,notonthehighstreet.com
4127,gahe.com
4130,intercambiosvirtuales.org
4133,www.accenture.com
4134,www.easports.com
4136,cian.ru
4137,encuentra24.com
4138,www.startribune.com
4139,www.oregonlive.com
4145,service-now.com
4147,www.dbs.com.sg
4150,www.governmentjobs.com
4151,citruspay.com
4152,www.wlp-acs.com
4159,utoronto.ca
4160,ml.com
4161,retenews24.it
4163,feedburner.com
4164,www.aetna.com
4166,123kubo.com
4167,megashare.sc
4168,food52.com
4169,yougou.com
4171,www.cybersource.com
4172,honto.jp
04173,superstore.ca
4174,www.daserste.de
4175,catracalivre.com.br
4176,www.xdf.cn
4179,macworld.co.uk
4180,redhat.com
4181,buhidoh.net
4183,rabobank.nl
4185,hautelook.com
4186,justhost.com
4188,www.britishcouncil.org
4193,www.nintendo.co.jp
4194,billiger.de
4195,anandabazar.com
4198,grubhub.com
4203,stockcharts.com
4204,reverb.com
4205,hapitas.jp
4209,jumia.com.eg
4210,www.prevention.com
4211,pearsonmylabandmastering.com
4212,motor-talk.de
4214,www.immonet.de
4215,zemtv.com
4216,www.monoprice.com
4217,newrelic.com
4218,gamestar.de
4219,moneyforward.com
4220,hidemyass.com
4223,createspace.com
4224,www.gunbroker.com
4226,wordstream.com
4227,fao.org
4228,www.theregister.co.uk
4230,www.womenshealthmag.com
4231,iol.co.za
4233,heftig.co
4234,www.sciencealert.com
4236,www.alaskaair.com
4237,google.lu
4238,sweetwater.com
4240,jobstreet.com
4241,lelong.com.my
4242,talkingpointsmemo.com
4244,blizzard.com
4245,playit.pk
4246,www.obdesign.com.tw
4247,leonbets.net
4248,rai.it
4249,swedbank.se
4250,screwfix.com
4252,ozbargain.com.au
4253,allenbwest.com
4254,torrentproject.se
4258,www.aol.co.uk
4259,ashleymadison.com
4260,startpage.com
4261,lifo.gr
4262,realitatea.net
4264,www.bluewin.ch
4265,rtbf.be
4267,ally.com
4269,wizards.com
4270,trafficbroker.com
4274,p-bandai.jp
4275,thingiverse.com
4279,www.basspro.com
4281,www.journaldunet.com
4283,www.runnersworld.com
4284,javpop.com
4285,olleh.com
4286,msi.com
4287,bonanza.com
4289,auone.jp
4290,identi.li
4293,gopro.com
4298,tripadvisor.ca
4299,boohoo.com
4300,groupon.jp
4301,beatport.com
4302,ikman.lk
4303,seemorgh.com
4307,www.wetter.de
4308,www.aeon.co.jp
4309,webmotors.com.br
4312,acs.org
4313,aramex.com
4315,www.playboy.com
4319,www.colissimo.fr
4320,arabseed.com
4321,www.smbc.co.jp
4323,joyclub.de
4327,archive.is
4331,tro-ma-ktiko.blogspot.gr
4332,thaqafnafsak.com
4333,dongtw.com
4334,tweakers.net
4335,anime-sharing.com
4338,www.service-public.fr
4339,capterra.com
4340,questionablecontent.net
4341,mappy.com
4343,thewirecutter.com
4350,wrike.com
4352,q.gs
4353,eclipse.org
4354,pier1.com
4355,akiba-online.com
4356,parse.com
4357,linguee.es
4358,yinyuetai.com
4359,flyertalk.com
4360,minecraftforum.net
4361,www.blogspot.cl
4362,tobest2.net
4364,calameo.com
4365,safenetdir.com
4367,livechatinc.com
4369,razerzone.com
4370,viralthread.com
4371,stardoll.com
4372,fl.ru
4373,gogetlinks.net
4374,evropa2.cz
4375,fragrantica.com
4377,nerdist.com
4378,payeer.com
4380,pornoxo.com
4381,mql5.com
4385,smartsheet.com
4386,gmx.at
4387,azcentral.com
4390,cerner.com
4391,votigo.com
4394,vidyomani.tv
4395,yifysubtitles.com
4397,eprize.com
4398,depositfiles.com
4399,ntvspor.net
4400,alternet.org
4401,yalla-shoot.com
4402,www.eprice.it
4403,ricardo.ch
4405,woorank.com
4406,sedo.com
4407,level3.com
4411,misli.com
4413,www.epson.com
4414,majestic.com
4415,wikiquote.org
4417,ebay.at
4418,nikkan-gendai.com
4420,www.fineco.it
4421,google.com.np
4423,www.experts-exchange.com
4428,www.c-and-a.com
4429,king.com
4430,coolenjoy.net
4432,camfrog.com
4433,skladchik.com
4435,google.com.py
4436,tomshw.it
4437,hbao.tmall.com
4439,ziprecruiter.com
4441,linio.com.co
4442,www.comicbookresources.com
4444,nttxstore.jp
4445,appannie.com
4446,rusvesna.su
4447,royalgames.com
4448,ocnk.net
4449,hobbylobby.com
4450,inoreader.com
4451,hitta.se
4452,stream.cz
4455,v2ex.com
4457,www.niusnews.com
4460,michaelkors.com
4461,www.jhu.edu
4462,www.fox.com
4464,greenmangaming.com
4465,outlook.com
4466,producthunt.com
4468,www.windowsazure.com
4469,wikidot.com
4470,elsalvador.com
4471,empowernetwork.com
4472,jawabkom.com
4473,stuccu.com
4474,www.abebooks.com
4475,lesoir.be
4476,www.heureka.sk
4477,europe1.fr
4478,webrazzi.com
4482,5giay.vn
4483,lazada.vn
4485,tradera.com
4487,www.myntra.com
4488,www.jreast.co.jp
4490,www.ntv.co.jp
4492,www.cathaypacific.com
4495,rp5.ru
4496,www.netbk.co.jp
4499,telstra.com.au
4504,www.golfdigest.co.jp
4505,svt.se
4506,ss.lv
4507,storify.com
4509,tgju.org
4510,afisha.ru
4511,www.jobstreet.co.id
4512,iu.edu
4514,www.dice.com
4516,myplaycity.com
4519,mouthshut.com
4520,yunpan.cn
4521,auspost.com.au
4523,osu.edu
4525,sanalpazar.com
4527,proprofs.com
4528,mywot.com
4529,akakce.com
4531,society6.com
4532,budsgunshop.com
4535,yoast.com
4536,moviepilot.de
4537,arxiv.org
4538,lajmi.net
4541,www.snapfish.com
4543,stepstone.de
4546,desjardins.com
4547,www.cjmall.com
4550,tower.jp
4553,techspot.com
4554,www.scientificamerican.com
4557,enotes.com
4558,www.biography.com
4559,feebee.com.tw
4560,arte.tv
4561,hometalk.com
4566,www.bonappetit.com
4569,dealsea.com
4573,marieclaire.com
4574,www.citizensbankonline.com
4575,www.quidco.com
4580,nerdwallet.com
4581,quicksprout.com
4582,www.orientaltrading.com
4584,myheritage.com
4586,www.tirerack.com
4588,el7l.co
4589,saksoff5th.com
4592,cengage.com
4593,hbogo.com
4597,rzd.ru
4598,dealdey.com
4599,libertatea.ro
4600,handelsblatt.com
4601,zimbra.free.fr
4605,wholefoodsmarket.com
4606,www.fingerhut.com
4607,tinkoff.ru
4610,computerbase.de
4611,nieuwsblad.be
4613,www.jeevansathi.com
4614,n4g.com
4616,bd24live.com
4618,strawberrynet.com
4625,www.mercadolibre.cl
4628,teslamotors.com
4631,dotabuff.com
4632,800notes.com
4633,netbet.ro
04634,simpsite.nl
4637,realtor.ca
4638,adorocinema.com
4639,quotev.com
4640,loc.gov
4643,gendama.jp
4645,ebates.kr
4646,google.com.ni
4647,www.moviefone.com
4648,ee.co.uk
4649,www.deloitte.com
4651,songkick.com
4652,dinodirect.com
4654,www.liverpool.com.mx
4655,www.guitarcenter.com
4656,rockpapershotgun.com
4657,alphacoders.com
4658,www.mci.ir
4659,brand.tmall.com
4661,dumpert.nl
4663,littlebux.com
4665,ecuavisa.com
4666,imgflip.com
4667,egypttoday.co.uk
4671,holiday-weather.com
4673,greatist.com
4674,dospara.co.jp
4675,www.skybet.com
4676,www.bancosantander.es
4677,aeropostale.com
4678,voonik.com
4684,newgrounds.com
4689,wizzair.com
4690,animenewsnetwork.com
4692,www.mogujie.com
4694,giantbomb.com
4696,www.kugou.com
4698,jollychic.com
4699,carfax.com
4700,tvp.pl
4705,gleam.io
4706,mangastream.com
4707,vtb24.ru
4708,imageshack.com
4709,hobbyking.com
4711,www.bancomer.com
4713,massdrop.com
4716,crutchfield.com
4720,synology.com
4722,batepapo.uol.com.br
4723,gfxfree.net
4725,tineye.com
4728,arduino.cc
4729,scamadviser.com
4730,tutu.ru
4733,matadornetwork.com
4734,euro.com.pl
4735,aftenposten.no
4737,paperlesspost.com
4738,cimbclicks.com.my
4739,www.sporcle.com
4740,torrentbutler.eu
4742,www.hotelscombined.com
4744,misr5.com
4746,groupon.fr
4749,podio.com
4750,www.monex.co.jp
4752,www.feelunique.com
4753,www.aol.de
4759,www.afip.gob.ar
4762,www.banorte.com
4764,www.fmworld.net
4765,garaanews.com
4766,www.virginia.edu
4770,wrapbootstrap.com
4777,keywordtool.io
4779,bmail.uol.com.br
4783,advfn.com
4784,www.bigstockphoto.com
4785,www.olx.com.ve
4786,lovoo.com
4788,cosme.net
4789,yapo.cl
4790,alwatanvoice.com
4791,e-monsite.com
4792,www.raiffeisen.at
4794,imujer.com
4795,builtwith.com
4800,www.518.com.tw
4804,imageshack.us
4806,chsi.com.cn
4810,www.buyma.com
4814,pipedrive.com
4815,webinarjam.net
4816,tfl.gov.uk
4817,techsmith.com
4820,traveloka.com
4821,paddypower.com
4822,newslinq.com
4823,www.netkeiba.com
4825,desitvbox.me
4827,www.cic.fr
4829,bwin.com
4831,progressive.com
4834,2ememain.be
4835,castorama.fr
4838,iol.pt
4839,jumia.ci
4841,kupivip.ru
4842,notebookcheck.net
4844,2nn.jp
4845,wplocker.com
4847,google.com.cu
4849,jomashop.com
4850,www.afpbb.com
4852,www.lybrate.com
4853,thegrommet.com
4855,bloggersideas.com
4860,www.mercantilbanco.com
4861,www.parenting.com.tw
4864,aircanada.com
4865,uline.com
4866,theweek.com
4868,www.thepetitionsite.com
4869,worldoftanks.eu
4871,jappy.de
4872,furaffinity.net
4875,wdc.com
4877,band.us
4878,yoob.com
4882,www.vivo.com.br
4883,petapixel.com
4884,hs.fi
4885,www.biglots.com
4886,tdcanadatrust.com
4887,www.sketchup.com
4889,lefrecce.it
4890,www.dopr.net
4892,openrice.com
4893,www.bankbazaar.com
4896,instaforex.com
4897,www.abnamro.nl
4900,desk.com
4902,toyota.jp
4903,techinasia.com
4904,www.yapikredi.com.tr
4905,promocodeclub.com
4908,clixten.info
4909,fasttech.com
4919,koreastardaily.com
4921,www.bigcommerce.com
4922,webassign.net
4924,www.dji.com
4925,nalog.ru
4927,www.logsoku.com
4929,academy.com
4930,canalporno.com
4934,www.mirraw.com
4935,gnula.nu
4937,decathlon.fr
4943,topcashback.co.uk
4945,planetminecraft.com
4947,jwplayer.com
4948,o2online.de
4949,my1111.tmall.com
4951,ziddu.com
4952,uci.edu
4953,www.sbi.co.in
4955,dreamhost.com
4958,awesomeinventions.com
4959,jukegames.com
4960,fineartamerica.com
4964,ndr.de
4965,bbvanet.com.mx
4967,pagseguro.uol.com.br
4968,qiwi.ru
4970,game-debate.com
4971,tatadocomo.com
4972,freebitco.in
4974,boredomtherapy.com
4980,pornburst.xxx
4981,anetwork.ir
4982,koha.net
4983,www.lastminute.com
4984,chainreactioncycles.com
4986,myadvertisingpays.com
4987,www.t-nation.com
4989,publico.pt
4992,thetoptens.com
4993,google.co.ke
4995,prizegrab.com
4996,laravel.com
4997,google.com.qa
4998,121ware.com
5000,totaladperformance.com
5001,umeng.com
5003,www.uncommongoods.com
5004,www.seagate.com
5005,hvg.hu
5007,mtv.fi
5010,seobook.com
5011,www.robokassa.ru
5015,redbull.com
5016,www.qld.gov.au
5017,googlegroups.com
5020,malaysiakini.com
5021,web-hosting.com
5022,soompi.com
5023,rs-online.com
5027,arvixe.com
5028,sinoptik.ua
5031,jamieoliver.com
5034,hayneedle.com
5035,ma-box-media.fr
5037,wittypanda.com
5042,which.co.uk
5043,decipherinc.com
5044,blibli.com
5046,dastelefonbuch.de
5048,designscrazed.org
5049,www.ebags.com
5050,rajasthan.gov.in
5052,gravity.com
5053,yeniakit.com.tr
5054,www.suntory.co.jp
5055,uszcn.com
5056,adriver.ru
5057,hrloo.com
5059,www.macmillandictionary.com
5060,bell.ca
5061,www.cleveland.com
5062,ar15.com
5063,www.lululemon.com
5068,www.tpsl-india.in
5070,ilyke.com
5072,thumbzilla.com
5073,www.dillards.com
5078,jqueryui.com
5079,netpnb.com
5080,inbox.com
5081,stream2watch.co
5082,ytpak.com
5083,advertzer.com
5084,futbol24.com
5087,orange.pl
5089,pandora.net
5093,www.midwayusa.com
5095,oreilly.com
5098,sidereel.com
5100,www.umt.edu.my
5102,www.vietcombank.com.vn
5105,airdroid.com
5112,flashback.org
5114,pvtraffic.com
5116,kissanime.com
5117,alayam24.com
5118,tripadvisor.com.au
5119,j.gs
5120,www.winbank.gr
5122,canadapost.ca
5123,icy-veins.com
5124,creativecommons.org
5130,bluedart.com
5131,www.tableau.com
5132,ncsu.edu
5133,ankieta-online.pl
5134,301digitalmedia.com
5135,medi1tv.com
5136,lotraffic.com
5137,gumroad.com
5138,thenorthface.com
5139,www.athome.co.jp
5140,pluralsight.com
5142,ceskatelevize.cz
5143,comdotgame.com
5144,washwasha.org
5146,mathsisfun.com
5147,price.com.hk
5151,www.hsbc.com.mx
5152,goud.ma
5154,115.com
5155,barclaycard.co.uk
5156,nic.ru
5157,ultrafarma.com.br
5158,magento.com
5159,aftership.com
5160,www.ubs.com
5161,www.blogspot.hk
5162,iloveoldschoolmusic.com
5163,ozock.com
5164,nordea.fi
5165,hsbc.com
5167,inbox.lv
5171,colorado.edu
5173,play.pl
5181,batanga.com
5182,unsplash.com
5183,kompass.com
5184,plsdrct2.me
5185,tower.im
5186,nest.com
5187,www.sparda.de
5188,bankier.pl
5189,persiantools.com
5191,porndoe.com
5193,extrastores.com
5196,networksolutions.com
5200,comicvine.com
5201,cyanogenmod.org
5203,www.qantas.com.au
5205,postimees.ee
5208,eharmony.com
5209,racked.com
5210,amctheatres.com
5212,e-rewards.com
5213,rtl.be
5216,enjin.com
5218,baby.ru
5219,designmantic.com
5221,coub.com
5223,www.ti.com
5227,www.dmkt-sp.jp
5229,bizimyol.info
5231,hepsibahis108.com
5232,oasgames.com
5233,wechat.com
5234,tv2.dk
5235,videoyoum7.com
5236,corrieredellosport.it
5237,sec.gov
5238,www.junglee.com
5240,www.qbao.com
5242,www.nflshop.com
5243,mcdonaldsarabia.com
5245,rdio.com
5246,www.anntaylor.com
5247,www.financial-net.com
5252,profitboosterapp.net
5255,mafa.com
5257,www.cam.ac.uk
5258,google.com.mm
5259,pracuj.pl
5260,www.colehaan.com
5261,nhentai.net
5262,like4like.org
5264,www.singaporeair.com
5265,property24.com
5266,getsidekick.com
5267,watchseries-online.li
5271,www.techbargains.com
5272,adafruit.com
5273,docusign.com
5276,probiller.com
5279,prwidgets.com
5281,www.edline.net
5282,www.themuse.com
5283,hostmonster.com
5287,www.totaljobs.com
5290,sportmaster.ru
5291,tsn.ua
5292,www.vagas.com.br
5295,www.windowsphone.com
5296,familyclix.com
5299,vevo.com
5302,symplicity.com
5305,adman.gr
5306,cardinalcommerce.com
5307,cookthefood.com
5308,sfglobe.com
5309,expireddomains.net
5310,safaribooksonline.com
5312,www.mako.co.il
5314,videochart.net
5317,n159adserv.com
5318,www.publix.com
5320,bdjobs.com
5322,juicyads.com
5323,unieuro.it
5325,www.tsb.co.uk
5327,btc-e.com
5328,tradingview.com
5330,google.hn
5333,mojang.com
5335,mediaworld.it
5339,www.ad-link.jp
5340,www.digikey.com
5341,carsales.com.au
5342,linkprice.com
5343,www.dobreprogramy.pl
5344,tamindir.com
5345,intelius.com
5347,www.colourpop.com
5348,dramaonline.com
5349,gogoanime.com
5350,rabota.ru
5351,psychcentral.com
5352,silkroad.com
5353,popmajor.com
5354,www.freepeople.com
5358,harvestapp.com
5360,hipchat.com
5361,zerkalo-rutor.org
5362,minube.com
5363,www.oprah.com
5370,oantagonista.com
5372,pingomatic.com
5375,bva-auctions.com
5376,townhall.com
5379,nodejs.org
5380,disp.cc
5382,viralands.com
5384,diaforetiko.gr
5385,aviasales.ru
5390,colorlib.com
5391,yeutretho.vn
5393,voegol.com.br
5395,pussyspace.com
5396,dirty.ru
5397,recode.net
5399,baykoreans.net
5400,theme-fusion.com
5401,tagesspiegel.de
5402,avon.com
5405,www.000webhost.com
5407,zurb.com
5412,www.footmercato.net
5414,bikroy.com
5417,888casino.com
5420,offers.com
5424,trivago.com
5426,apa.org
5430,enjoydressup.com
5431,mandrillapp.com
5432,wanelo.com
5435,toggl.com
5437,www.glamour.com
5438,pcwelt.de
5439,www.el-balad.com
5441,huntington.com
5443,yelp.ca
5444,jobmail.co.za
5446,genial.guru
5447,nazwa.pl
5448,jotform.com
5449,holidaycheck.de
5451,medpagetoday.com
5453,www.ionicframework.com
5456,www.123telugu.com
5457,www.alpha.gr
5459,sep.gob.mx
5461,bitrix24.ru
5463,finviz.com
5464,windguru.cz
5465,texas.gov
5467,top-channel.tv
5468,alpari.ru
5469,italia-film.co
5472,ligatus.com
5473,javarchive.com
5474,madmimi.com
5475,www.lonny.com
5476,battlenet.com.cn
5477,roodo.com
5479,sportsmansguide.com
5480,www.uptodate.com
5482,dawnnews.tv
5483,forumhouse.ru
5485,gatech.edu
5489,grainger.com
5490,warez-bb.org
5491,dnevnik.hr
5493,www.yamaha.com
5495,filefactory.com
5496,www.sciencemag.org
5498,thetrainline.com
5499,avangate.com
5501,www.tuttosport.com
5504,buyee.jp
5505,babyou.com
5506,yaplog.jp
5510,linguee.com
5515,djsrp.com
5516,vbox7.com
5517,american-giant.com
5518,www.dominos.co.in
5520,56.com
5521,geektv.me
5523,www.lordandtaylor.com
5524,care.com
5526,taiwan.tmall.com
5527,mangatown.com
5528,linuxquestions.org
5531,watchseries.lt
5532,whitehouse.gov
5533,webpagetest.org
5534,copy.com
5535,monova.org
5537,downloadastro.com
5539,joesnewbalanceoutlet.com
5540,zbozi.cz
5541,secretsdujeu.com
5543,listenonrepeat.com
5545,rajnikantvscidjokes.in
5548,bitrix24.com
5550,www.skyscanner.com
5551,libertyland.tv
5553,www.bobfilm.net
5554,lenskart.com
5556,www.juno.com
5557,youmaker.com
5560,videostripe.com
5561,gwdang.com
5562,just-eat.co.uk
5563,www.rogers.com
5564,digitalpoint.com
5566,www.humana.com
5567,enterprise.com
5568,curbed.com
5570,lingualeo.com
5571,www.asos.fr
5572,westernunion.com
5573,haruka-yumenoato.net
5577,empik.com
5579,porn5.com
5582,xxxbunker.com
5584,desire2learn.com
5586,www.9news.com.au
5588,git-scm.com
5589,woobox.com
5591,zalora.co.id
5592,w3layouts.com
5593,lexiadz.com
5594,casadellibro.com
5595,pjmedia.com
5596,watchseries.ag
5598,spirit.com
5599,zoom.us
5605,wolfram.com
5607,jeuhappywin.com
5609,taxi-money.net
5611,league-funny.com
5612,coches.net
5613,support.wordpress.com
5615,libreoffice.org
5616,trendin.com
5617,www.voluumtrk.com
5618,tofo.me
5619,www.adclickxpress.com
5621,www.nbg.gr
5622,hhgregg.com
5624,vocabulary.com
5625,imvu.com
5626,hinkhoj.com
5627,www.comcast.com
5628,hertz.com
5630,waveapps.com
5632,flyfrontier.com
5633,gardenweb.com
5635,dengekionline.com
5637,hackforums.net
5638,dailysnark.com
5639,truecar.com
5641,casa.it
5642,choxi.com
5645,www.bershka.com
5646,gingersoftware.com
5648,fermasosedi.ru
5649,infopanel.asia
5650,nullrefer.com
5651,dzone.com
5654,unibet.com
5655,slon.ru
5656,pokeram.com
5659,centos.org
5663,webtransfer.com
5664,vecteezy.com
05666,www.truevisions.tv
5667,penny-arcade.com
5668,thumbtack.com
5670,buzzhearts.com
5671,animeid.tv
5672,www.topcashback.com
5674,bibsonomy.org
5676,quoka.de
5677,wondershare.com
5678,ilaiki.net
5682,nesine.com
5686,demotivateur.fr
5689,sfimg.com
5690,t24.com.tr
5691,banamex.com
5693,itslearning.com
5695,dev-point.com
5699,groupon.de
5700,www.extremetech.com
5702,www.conforama.fr
05703,lovelearnings.com
5704,sas.com
5708,uplea.com
5709,bovada.lv
5710,barkpost.com
5711,eyoonn.com
5712,www.blogspot.co.za
5713,auntyacid.com
5716,birchbox.com
5718,bezuzyteczna.pl
5719,bose.com
5720,medhelp.org
5721,shopandship.com
5722,www.sears.ca
5723,www.exacttarget.com
5726,www.census.gov
5728,pornbb.org
5729,skidrowreloaded.com
5731,www.rtl.de
5734,ubc.ca
5736,cloudy.ec
5737,retty.me
5742,semalt.com
5747,kinguin.net
5748,timesofmalta.com
5749,www.beslist.nl
5750,glosbe.com
5751,smarturl.it
5752,tinhte.vn
5753,extrabux.com
5757,www.svtplay.se
5758,videowood.tv
5759,shindanmaker.com
5760,www.jobkorea.co.kr
5761,debian.org
5762,rp-online.de
5763,hesport.com
5766,hipertextual.com
5767,glwiz.com
5768,tantannews.com
5769,gnu.org
5770,adyen.com
5772,www.moosejaw.com
5773,www.overclockers.ru
5776,prefiles.com
5777,propellerads.com
5782,torrentday.com
5784,rankboostup.com
5785,almaghribtoday.net
5790,desi-tashan.com
5794,vodafone.co.uk
5796,virginia.gov
5797,bjs.com
5798,goldenline.pl
5799,bandsintown.com
5800,www.mercadolibre.com.pe
5803,www.orico.co.jp
5806,www.mycokerewards.com
5807,tripadvisor.ru
5810,puma.com
5811,mobikwik.com
5812,vseinstrumenti.ru
5814,startinghobbies.com
5815,11street.my
5816,myvideo.de
5817,www.dena-ec.com
5821,www.discas.net
5825,revadburst.com
5826,www.brooksbrothers.com
5829,lolnexus.com
5830,pastemagazine.com
5831,fb.com
5832,www.livingly.com
5833,prnt.sc
5834,xvideosnavi.mobi
5838,19lou.com
5842,emarsys.net
5845,elephantjournal.com
5846,www.uthscsa.edu
5848,www.appnexus.com
5849,symbaloo.com
5850,audiojungle.net
5852,lottedfs.com
5855,schoolloop.com
5858,vitorrentz.com
5860,laughy.jp
5862,unroll.me
5863,phys.org
5865,www.askul.co.jp
5866,srf.ch
5868,www.capcom.co.jp
5870,mygully.com
5872,seamless.com
5874,bravotv.com
5879,icontact.com
5880,goindigo.in
5882,viglink.com
5884,authorstream.com
5886,share-online.biz
5888,groupme.com
5889,join.me
5891,supersimplesearch.com
5892,rbc.ua
5893,alodokter.com
5895,goldesel.to
5896,adzbazar.com
5899,teknosa.com
5900,despegar.com.mx
5901,rare.us
5903,hurriyetemlak.com
5904,snagajob.com
5907,mangapark.me
5909,ninisite.com
5911,modelmayhem.com
5912,cardkingdom.com
5913,www.recordchina.co.jp
5914,koovs.com
5921,codeschool.com
5922,stltoday.com
5923,sofort.com
5925,pushbullet.com
5926,eslamoda.com
5927,znanija.com
5929,blog.163.com
5930,www.socialblade.com
5931,staples.ca
5932,collective-evolution.com
5933,openstreetmap.org
5937,www.yahoo-help.jp
5938,dslreports.com
5940,olx.bg
5941,adsterra.com
5942,education.com
5945,tuniu.com
5946,mailerlite.com
5948,gismeteo.ua
5951,markt.de
5953,google.com.cy
5954,24ur.com
5956,www.benesse.ne.jp
5958,thebot.net
5960,www.nta.go.jp
5961,shorouknews.com
5963,parallels.com
5966,www.sparkasse.at
5967,xfig.net
5968,www.jiyoujia.com
5969,myus.com
5970,anonhq.com
5971,www.securecode.com
5973,m3.com
5975,media.wix.com
5976,winzip.com
5978,radiko.jp
5980,techpowerup.com
5981,slate.fr
5982,www.top1health.com
5984,www.redsys.es
5985,www.cntraveler.com
5986,cyberlink.com
5988,coinmill.com
5989,www.blogspot.hu
5990,hpe.com
5991,www.blogspot.fi
5993,sia.az
5994,youngliving.com
5998,filenuke.com
6001,kissmetrics.com
6002,hitomi.la
6004,www.formula1.com
6006,azvision.az
6007,vt.edu
6010,autoportal.com
6011,revdepo.com
6016,lolinez.com
6017,gmx.com
6018,yellowpages.ca
6019,www.meijer.com
6020,pelispedia.tv
6021,lazada.sg
6025,cdkeys.com
6026,afreeca.com
6028,www.adobeconnect.com
6029,avaaz.org
6030,topito.com
6031,boyfriendtv.com
6032,talabat.com
6033,elo7.com.br
6035,zapier.com
6036,www.derwesten.de
6039,indiegala.com
6040,noticiaaldia.com
6044,filezilla-project.org
6047,seventeen.com
6048,mongodb.org
6051,librus.pl
6052,grepolis.com
6053,gentside.com
6054,www.parismatch.com
6056,epa.gov
6057,abcya.com
6058,gigya.com
6059,www.westlaw.com
6066,runescape.com
6070,eventful.com
6074,cldlr.com
6076,whatismyip.com
6078,cpubenchmark.net
6079,seoclerks.com
6081,hujiang.com
6083,oshkosh.com
6084,ebay.be
6085,toto-dream.com
6086,esprit.de
6088,poshmark.com
6090,jumia.com
6095,weather.gc.ca
6096,www.funda.nl
6097,www.mrporter.com
6098,rasekhoon.net
6100,zalando.pl
6104,lyst.com
6106,whmcs.com
6107,pbworks.com
6108,www.halifax.co.uk
6111,www.proquest.com
6112,chewy.com
6115,yieldtraffic.com
6116,1news.az
6117,2checkout.com
6119,rt.ru
6120,strawpoll.me
6123,socialsecurity.gov
6124,www.pec.it
6130,partycity.com
6131,gossiplankanews.com
6132,fastmail.com
6136,tv2.no
6141,piktochart.com
6143,mythemeshop.com
6144,aldi-sued.de
6147,www.francetv.fr
6148,myfirstclasslife.com
6149,www.homedepot.ca
6150,www.guru.com
6151,cvent.com
6158,zakon.kz
6159,arukereso.hu
6160,archlinux.org
6161,www.tdameritrade.com
6162,classifiedads.com
6163,3bmeteo.com
6166,ttnet.com.tr
6167,glassdoor.co.in
6168,showup.tv
6169,narvar.com
6171,rozee.pk
6174,urbanladder.com
6176,india-forums.com
6180,www.o2.co.uk
6181,medicare.gov
6184,revolveclothing.com
6185,xml-sitemaps.com
6187,95516.com
6188,www.gratka.pl
6191,wistia.com
6193,www.buydig.com
6194,www.maisonsdumonde.com
6195,lexisnexis.com
6198,helpscout.net
6200,www.blair.com
6202,carrefour.es
6203,www.thebay.com
6205,storenvy.com
6207,googlecode.com
6210,mitele.es
6211,autorambler.ru
6213,reviewjournal.com
6219,dreammail.jp
6222,wikisource.org
6225,mmmoffice.com
6226,xiachufang.com
6227,natro.com
6231,canstockphoto.com
6232,sportingnews.com
6235,webnode.com
6236,cuisineaz.com
6240,neowin.net
6243,jossandmain.com
6245,macupdate.com
6247,containerstore.com
6248,seriesbang.net
6253,carid.com
06255,saravananthirumuruganathan.wordpress.com
6259,uberhavoc.com
6261,norwegian.com
6262,inboxdollars.com
6263,dietnavi.com
6264,zalando.fr
6265,laracasts.com
6266,www.nola.com
6267,shared.sx
6269,dealabs.com
6270,clipd.com
6272,220-volt.ru
6273,actblue.com
6274,marvel.com
6275,flexmls.com
6277,active.com
6278,www.timetobreak.com
6279,met-art.com
6280,www.microsofttranslator.com
6283,shinhancard.com
6284,seochat.com
6287,litres.ru
6288,markafoni.com
6290,maduradas.com
6291,aglasem.com
6293,meetme.com
6296,furusato-tax.jp
6297,e-shop.gr
6298,xapo.com
6302,www.jumei.com
6305,translated.net
6306,payless.com
6309,orange.es
6312,medicalnewstoday.com
6313,liverpoolfc.com
6315,spectranet.com.ng
6317,jobzella.com
6320,wikimart.ru
6323,www.kia.com
6324,launchpad.net
6325,dish.com
6330,www.ge.com
6331,hotline.ua
6332,byu.edu
6335,altex.ro
6336,brightonclick.com
6337,express-scripts.com
6339,www.enfemenino.com
6341,weeb.tv
6343,www.pekao24.pl
6348,crowdfireapp.com
6349,locaweb.com.br
6351,elle.fr
6353,cashdorado.de
6354,star.com.tr
6360,www.arsenal.com
6363,turkcell.com.tr
6364,abelhas.pt
6367,cashkaro.com
6369,mediamarkt.ru
6371,segmentfault.com
6375,wtfast.com
6376,realself.com
6377,www.eurobank.gr
6380,advego.ru
6381,funnyordie.com
6382,santanderrio.com.ar
6384,www.berlin.de
6385,www.wind.it
6388,bible.com
6390,collinsdictionary.com
6391,tagdiv.com
6392,idntimes.com
6394,socialbakers.com
6396,proz.com
6398,geizhals.at
6400,tengrinews.kz
6403,santander.com.mx
6404,82cook.com
6406,tripleclicks.com
6407,mcssl.com
6409,www.fujitsu.com
6410,heroquizz.com
6411,kidshealth.org
6415,www.larepublica.pe
6416,artstation.com
6417,simplyrecipes.com
6418,ibs.it
6420,www.chevrolet.com
6422,gunosy.com
6423,squirt.org
6425,pillsbury.com
6427,spi0n.com
6428,tvzil.com
6430,stoloto.ru
6432,www.timberland.com
6433,infojobs.it
6443,kshowonline.com
6446,gry-online.pl
6448,eurostreaming.tv
6449,www.cue-monitor.jp
6451,br.de
6452,webdesignerdepot.com
6453,www.keurig.com
6456,oregonstate.edu
6458,www.wowow.co.jp
6463,despegar.com.ar
6469,giveawayoftheday.com
6471,scrubtheweb.com
6474,hitleap.com
6475,toster.ru
6478,www.hpconnected.com
6480,moneysupermarket.com
6481,sib.im
6482,www.thewrap.com
6484,www.panerabread.com
6486,www.dnb.no
6488,piratestreaming.co
6489,sehiba.com
6490,spring.io
6492,internations.org
6494,correos.es
6498,www.7sur7.be
6499,sportsbet.com.au
6500,2ch.sc
6501,anthem.com
6502,www.wdr.de
6504,otodom.pl
6505,tnt.com
6506,ladenzeile.de
6508,vueling.com
6510,koreanair.com
6516,travelwednesday.com
6518,ashford.com
6519,gungho.jp
6520,gaiaonline.com
6522,easycounter.com
6525,xendan.org
6529,www.aldoshoes.com
6533,verywed.com
6535,bezaat.com
6536,cokeandpopcorn.ch
6537,acunn.com
6538,www.nomura.co.jp
6539,etihad.com
6541,roosterteeth.com
6543,tinyprints.com
6545,esmplus.com
6547,www.jibjab.com
6548,iberia.com
6549,baur.de
6550,www.nii.ac.jp
6552,eplus.jp
6554,www.unfranchise.com
6556,ut.ac.ir
6563,gsmhosting.com
6567,skelbiu.lt
6572,fonts.com
6573,stacksocial.com
6575,pearltrees.com
6576,namethatporn.com
6577,hawaaworld.com
06578,www.farmmatch.com
6580,movember.com
6581,affili.net
6583,wine-searcher.com
6586,destructoid.com
6587,virtualbox.org
6588,nextag.com
6589,www.homebase.co.uk
6590,gsu.edu
6596,unfollowers.com
6601,www.lanebryant.com
6604,payza.com
6605,biblestudytools.com
6607,allindiaroundup.com
6608,bookoffonline.co.jp
6610,teamwork.com
6611,firefox.com
6612,fastweb.it
6613,brightside.me
6614,torproject.org
6619,duluthtrading.com
6622,www.qvc.de
6627,chip.com.tr
6628,t66y.com
6630,leclercdrive.fr
6631,kupujemprodajem.com
6633,www.ethz.ch
6634,www.legifrance.gouv.fr
6638,claimbtc.com
6639,reklama5.mk
6640,douban.fm
6641,bundlestars.com
6643,www.skyscanner.ru
6644,www.virtualtourist.com
6646,casino.com
6648,www.northerntool.com
6651,pexels.com
6653,www.telegraf.rs
6654,google.com.om
6655,geocaching.com
6656,thefederalistpapers.org
6657,www.etmall.com.tw
6658,epost.go.kr
6659,photoshelter.com
6661,rte.ie
6662,mediatemple.net
6663,soundhouse.co.jp
6664,liontravel.com
6665,dvdvideosoft.com
6666,paultan.org
6667,domofond.ru
6672,www.olx.com.co
6680,patient.info
6681,fodors.com
6682,ivoox.com
6684,bitcointalk.org
6685,luisaviaroma.com
6686,acm.org
6688,www.iastate.edu
6689,www.toryburch.com
6691,google.tt
6693,military.com
6695,www.zapimoveis.com.br
6696,www.leroymerlin.es
6699,www.softcoin.com
6701,elnuevodia.com
6702,vend-o.com
6705,www.superpoints.com
6706,snapchat.com
6707,www.urssaf.fr
6709,www.ebuyer.com
6712,www.asos.de
6718,ay.gy
6720,fossbytes.com
6725,etajakhabar.com
6726,citrix.com
6727,iis.net
6728,thairath.co.th
6729,www.sigmaaldrich.com
6733,yell.com
6734,mery.jp
6735,delish.com
6736,clicky.com
6737,www.radio-canada.ca
6739,aitnews.com
6740,filmsenzalimiti.co
6741,clickyab.com
6745,www.spreadshirt.com
6747,auctiva.com
6748,www.riverisland.com
6751,instapage.com
6753,www.lastcall.com
6755,rivalo.com
6756,www.googleplex.com
6757,mtb.com
6760,onelogin.com
6761,www.advanceautoparts.com
6763,geni.com
6768,christianpost.com
6769,home24.de
6770,srclickpro.ru
6772,www.autobild.de
6774,myfedloan.org
6776,housing.com
6781,www.buy123.com.tw
6785,drive.ru
6787,crowdflower.com
6789,cumlouder.com
6795,uncrate.com
6798,www.uggaustralia.com
6799,myfxbook.com
6800,tver.jp
6803,oclc.org
6805,fussball.de
6807,indiafreestuff.in
6808,hemnet.se
6811,bitgold.com
6815,marketo.com
6816,qpolitical.com
6819,indonesia-community.net
6820,www.olx.com.ar
6822,cifraclub.com.br
6823,navient.com
6831,www.fastcodesign.com
6833,interswitchng.com
6834,boards.ie
6836,lineq.jp
6839,www.infomoney.com.br
6840,www.tohotheater.jp
6841,www.mandatory.com
6842,onegreenplanet.org
6846,piazza.com
6847,warthunder.ru
6849,ponpare.jp
6850,pakwheels.com
6852,intercom.io
6853,add-anime.net
6857,www.astro.com
6863,tixuz.com
6865,standaard.be
6867,smartresponder.ru
06868,neguzelsozler.blogspot.com.tr
6869,enom.com
6872,torrentreactor.com
6873,themelock.com
6874,glopart.ru
6875,www.ideel.com
6877,jtb.co.jp
6878,hide.me
6879,www.allstate.com
6880,wallpaperscraft.com
6881,hqbux.com
6888,neswangy.net
6893,myuhc.com
6894,charlotterusse.com
6897,mag2.com
6900,vatera.hu
6901,worktile.com
6902,uw.edu
6903,game8.jp
6904,www.puritan.com
6905,advcash.com
6908,yumpu.com
6910,u-car.com.tw
6911,www.stc.com.sa
6912,si.edu
6913,www.kiabi.com
6917,mediafree.co
6919,avvo.com
6921,googledrive.com
6923,topuniversities.com
6924,powtoon.com
6925,diario.mx
6926,brit.co
6927,www.gartner.com
6928,stocktwits.com
6929,mkyong.com
6930,hasznaltauto.hu
6932,dba.dk
6933,nairabet.com
6938,www.ourtime.com
6939,romwe.com
6940,aeroflot.ru
6941,tinypng.com
6943,good.is
6944,payserve.com
6947,consumeraffairs.com
6948,trendmicro.com
6949,dir.bg
6951,finam.ru
6952,workable.com
6958,www.eatingwell.com
6960,vultr.com
6962,lunapic.com
6963,nolo.com
6967,dailyfx.com
6968,tele2.ru
6970,webike.net
6973,frandroid.com
6975,www.key.com
6976,practo.com
6977,www.mytatasky.com
6978,pitt.edu
6979,comodo.com
6980,hoovers.com
6981,novaposhta.ua
6982,medindia.net
6983,webofknowledge.com
6985,nastygal.com
6987,www.pullandbear.com
6990,minted.com
6991,flyingjizz.com
6994,www.state.nj.us
6995,namepros.com
7000,dfiles.ru
7004,phoenix.edu
7007,allabolag.se
7008,wustl.edu
7010,www.berliner-sparkasse.de
7013,bhinneka.com
7014,formstack.com
7015,www.guru3d.com
7016,edublogs.org
7018,qatarliving.com
7021,www.dota2.com
7022,mafiashare.net
7024,goldenclix.com
7028,www.your-surveys.com
7031,komando.com
7032,www.shopfacil.com.br
7036,aesoponline.com
7037,arenavision.in
7038,caloriecount.com
7039,homeadvisor.com
7040,www.colostate.edu
7041,animenova.org
7043,somethingawful.com
7044,onlinesoccermanager.com
7045,hyundaihmall.com
7046,artlebedev.ru
7047,coach.com
7048,hightail.com
7050,tolexo.com
7051,hmrc.gov.uk
7053,loccitane.com
7055,trojmiasto.pl
7056,aliorbank.pl
7058,pmu.fr
7060,housebeautiful.com
7061,socpublic.com
7062,www.bancochile.cl
7063,films-regarder.com
7064,webstaurantstore.com
7068,www.gametwist.com
7074,zenfolio.com
7079,systemrequirementslab.com
7080,mrskin.com
7082,www.r18.com
7085,www.cecile.co.jp
7086,border.gov.au
7087,ekitan.com
7088,www.supersport.com
7092,www.elfster.com
7094,www.expedia.ca
7096,alarabyanews.com
7097,clip.vn
7099,mouser.com
7109,aladin.co.kr
7111,vipergirls.to
7112,www.veoh.com
7113,deutschepost.de
7114,www.6play.fr
7115,runtastic.com
7116,bookbub.com
7119,visual.ly
7122,colatour.com.tw
7126,appsflyer.com
7127,beinsports.com
7128,charter97.org
7131,fabfurnish.com
7135,cloudinary.com
7136,wishpond.com
7137,animeshow.tv
7138,selfridges.com
7139,mellowads.com
7142,zocdoc.com
7143,ebs.in
7144,freshdesignweb.com
7145,opm.gov
7147,gutenberg.org
7148,u-mall.com.tw
7149,elvenar.com
7151,strato.de
7152,23andme.com
7153,whoscored.com
7154,lyricsmint.com
7156,www.gettraff.com
7158,snip.ly
7162,www.littlewoods.com
7163,liquidweb.com
7164,geneanet.org
7166,onekingslane.com
7167,www.hawaii.edu
7168,pirateproxy.pl
7170,gooyaabitemplates.com
7172,kanui.com.br
7173,douglas.de
7183,packtpub.com
7185,www.barneys.com
7186,androidfilehost.com
7187,libsyn.com
7188,madewell.com
7192,tenpay.com
7195,www.mturk.com
7196,einthusan.com
7197,www.jobstreet.com.my
7198,siemens.com
7201,instacart.com
7203,ioffer.com
7206,vidio.com
7208,www.cancer.org
7209,thetimes.co.uk
7211,parkoz.com
7213,insomnia.gr
7216,www.17life.com
7218,worldofwarships.eu
7219,registro.br
7221,www.longdai.com
7222,quia.com
7225,antaranews.com
7226,elevrus.com
7228,news.am
7229,www.firstdirect.com
7230,www.infojobs.com.br
7231,schema.org
7232,www.buybuybaby.com
7233,costcophotocenter.com
7237,benchmarkemail.com
7240,sdpnoticias.com
7243,whois.net
7244,www.gofeminin.de
7245,oreillyauto.com
7246,snob.ru
7248,unian.net
7250,www.admin.ch
7251,shopotam.ru
7253,viooz.ac
7256,foodpanda.in
7258,studiopress.com
7260,www.theoutnet.com
7261,ncsecu.org
7262,nitori-net.jp
7266,kinoman.tv
7269,educationalgardens.com
7271,mobilism.org
7274,genvideos.org
7276,carphonewarehouse.com
7277,worldoftanks.com
7278,hdfilmcehennemi.com
7279,whattoexpect.com
7280,www.royalcaribbean.com
7282,eduzz.com
7283,www.shazam.com
7285,adonly.com
7286,usg.edu
7287,manageyourloans.com
7288,linkcrypt.ws
7289,www.misumi-ec.com
7291,rakuten.de
7294,linkslot.ru
7295,memrise.com
7298,1c-bitrix.ru
7300,alfavita.gr
7302,arabi21.com
7305,topwar.ru
7306,www.t-mobile.de
7307,djangoproject.com
7308,materiel.net
7309,callofduty.com
7310,plius.lt
7311,www.sej.co.jp
7313,boe.es
7314,cybozu.com
7316,www.scmp.com
7317,columbia.com
7318,21cineplex.com
7321,reg.ru
7322,www.sonos.com
7324,thedishh.com
7326,tkec.com.tw
7327,tintt.net
7328,graphicstock.com
7330,altyazi.org
7333,1sale.com
7334,liberty.edu
7335,www.mgstage.com
7336,heroku.com
7337,theodysseyonline.com
7338,spartoo.com
7343,frmtr.com
7346,www.petmd.com
7347,flightrising.com
7348,loveplanet.ru
7349,zynga.com
7350,sima-land.ru
7351,thenationonlineng.net
7353,ads.id
7355,newsvine.com
7357,girlsplay.com
7360,share-links.biz
7361,www.macromedia.com
7363,www.netcombo.com.br
7365,livememe.com
7367,blogcms.jp
7368,autotrader.ca
7369,www.uga.edu
7374,slaati.com
7375,quantcast.com
7377,2ip.ru
7378,hanes.com
7379,thereport24.com
7380,www.elecom.co.jp
7381,www.totalbeauty.com
7382,www.cw.com.tw
7383,enviat.com
7385,www.geek.com
07386,cktotheeast.tumblr.com
7387,dramalink.net
7389,www.stream-tv-series.info
7393,pearl.de
7394,onenote.com
7395,translate.ru
7396,postimage.org
7398,laiguana.tv
7399,netmums.com
7400,fastshop.com.br
7401,smartrecruiters.com
7402,occ.com.mx
7403,thestudentroom.co.uk
7404,akamai.com
7406,yourtango.com
7407,leovegas.com
7413,polar.com
7414,coderanch.com
7415,google.com.ly
7416,gfk.com
7417,wallstreetcn.com
7419,hashocean.com
7420,pcfinancial.ca
7422,esam.ir
7423,bnpparibasfortis.be
7425,meneame.net
7427,sharefile.com
7429,decathlon.tmall.com
7430,topratedviral.com
7431,mobile.free.fr
7432,topface.com
7433,themeisle.com
7434,linio.com.pe
7437,dealsofamerica.com
7439,thredup.com
7440,kau.edu.sa
7444,ladbrokes.com
7447,seatguru.com
7451,mol.gov.sa
7453,dizimag.co
7455,yougov.com
7456,www.bunnings.com.au
7457,freelancer.in
7460,secretchina.com
7461,37signals.com
7463,en.wordpress.com
7464,www.jr-odekake.net
7465,ifilez.org
7467,www.iranecar.com
7468,www.brilio.net
7471,adfoc.us
7472,winfuture.de
7473,mps.it
7475,openclassrooms.com
7476,servis24.cz
7477,www.chotot.vn
7478,osdn.jp
7479,www.tractorsupply.com
7480,dreamfilmhd.bz
7482,interest.me
7485,campusrush.com
7486,www.ig.com
7487,howtoforge.com
7488,toysrus.ca
7489,antena3.ro
7491,noonpresse.com
7492,cafebazaar.ir
7494,zando.co.za
7495,gimp.org
7496,shopgoodwill.com
7497,pwc.com
7503,free-sex-video.net
7504,sublimetext.com
7506,hostgator.in
7507,cartrade.com
7508,box.net
7510,mejorconsalud.com
7511,www.fruitmail.net
07512,www.commuterclub.co.uk
7515,fashionitch.com
7516,ohnotheydidnt.livejournal.com
7517,palcomp3.com
7518,soccermanager.com
7520,sol.org.tr
7521,businessofcinema.com
7522,www.riotgames.com
7524,sling.com
7526,soup.io
7527,hotforex.com
7528,www.blogspot.ch
7531,ganool.ag
7533,www.mckinsey.com
7536,xm.com
7539,interpals.net
7540,simplesite.com
7542,leadlovers.com
7544,fancy.com
7545,khmerload.com
7546,bittorrent.com
7547,fab.com
7548,cmoney.tw
7549,famousbirthdays.com
7551,www.ringcentral.com
7559,madworldnews.com
7561,opinionlab.com
7563,chobirich.com
7566,alkislarlayasiyorum.com
7568,blablacar.fr
7570,justfab.com
7572,klout.com
7573,secure.ipage.com
7578,hizlial.com
7579,www.self.com
7580,trafficholder.com
7582,kahoot.it
7583,rateyourmusic.com
7584,thebump.com
7585,umass.edu
7586,www.fengniao.com
7587,telus.com
7588,shaw.ca
7589,americanews.com
7590,eloqua.com
7593,www.mercadolibre.com.uy
7595,boerse.to
7596,investors.com
7597,poczta-polska.pl
7598,kure.tv
7599,tripit.com
7600,www.paychex.com
7602,www.mlstatic.com
7603,eklablog.com
7606,yinxiang.com
7608,paginasamarillas.es
7610,kicktipp.de
7611,hola.org
7612,pirateproxy.la
7613,livrariacultura.com.br
7615,lentainform.com
7616,softlayer.com
7618,pixieset.com
7620,www.alyaoum24.com
7623,bluegape.com
7625,www.coral.co.uk
7626,calculator.net
7627,roadandtrack.com
7628,weibo.cn
7629,google.sn
7631,pagesperso-orange.fr
7632,telenet.be
7634,jumia.ma
7635,sbb.ch
7636,competitor.com
7637,icann.org
7638,brands4friends.de
7639,nike.tmall.com
7642,indianpornvideos.com
7643,hornbach.de
7645,biz-journal.jp
7646,cinepolis.com
7647,ebay.com.hk
7652,davidwalsh.name
7654,wareable.com
7655,producteev.com
7657,surlatable.com
7663,www.rsc.org
7664,rallydev.com
7665,premium.wix.com
7666,horoscope.com
7669,roboform.com
7670,www.ikyu.com
7673,bonprix.ru
7674,amazon.jobs
7678,sofascore.com
7679,mumsnet.com
7681,newmobilelife.com
7687,slideserve.com
7691,infoq.com
7692,woodburyoutfitters.com
7694,gov.on.ca
7695,pricecheck.co.za
7696,potora.jp
7700,womanwithin.com
7701,www.adoptapet.com
7702,eobot.com
7704,vavel.com
7707,kumapon.jp
7708,rarbg.com
7710,www.cgd.pt
7711,virginamerica.com
7712,akbank.com
7715,bet9ja.com
7717,www.aib.ie
7718,javlibrary.com
7720,hostgator.com.br
7721,xiaomi.tmall.com
7723,cdn-unlive.blogspot.com.es
7724,etxt.ru
7726,burberry.com
7727,articlesbase.com
7728,galeria-kaufhof.de
7730,makeshop.jp
7731,www.stradivarius.com
7734,lucidchart.com
7736,www.takuhai.jp
7738,arcgis.com
7741,www.1and1.es
7744,nissanusa.com
7746,www.livenation.com
7747,missmalini.com
7749,themindunleashed.org
7752,www.mercadopago.com.br
7754,priyo.com
7755,dumpaday.com
7756,sheypoor.com
7757,jango.com
7758,skapiec.pl
7760,hawaalive.com
7763,coindesk.com
7764,publitas.com
7767,freepornx.org
7768,letitbit.net
7769,bsi.ir
7771,www.minhavida.com.br
7772,recyclix.com
7773,familyhandyman.com
7774,www.bolsademulher.com
7775,ab-in-den-urlaub.de
7776,valuewalk.com
7779,uoregon.edu
7780,hotmart.net.br
7781,xe.gr
7782,mta.info
7785,lendingclub.com
7790,karazoomer.com
7794,dailypost.ng
7795,prozeny.cz
7797,airberlin.com
7799,clicksor.com
7803,bonton.com
7805,metaspoon.com
7807,lolskill.net
7809,serienjunkies.de
7812,witkit.com
7815,flypgs.com
7818,chacha.com
7820,olymptrade.com
7821,carousell.com
7822,www.1999.co.jp
07824,rijksmuseum.nl
7825,grapee.jp
7830,morhipo.com
7831,gitlab.com
7833,www.pbebank.com
7835,foreignpolicy.com
7839,kongfz.com
7842,baise-ce-soir.com
7845,ltdcommodities.com
7848,avm.de
7850,ucl.ac.uk
7851,mytrafficvalue.com
7853,moo.com
7855,2dehands.be
7856,gamesamba.com
7858,pornodingue.com
7859,1and1.fr
7863,jsbin.com
7866,www.goobike.com
7868,meta.ua
7869,satu.kz
7870,eadaily.com
7874,www.1and1.co.uk
7875,torlock.com
7876,faucetbox.com
7878,queerty.com
7880,datpiff.com
7883,apotheken-umschau.de
7887,www.disquscdn.com
7890,designmodo.com
7891,rightwingnews.com
7893,clickme.net
7895,www.babycentre.co.uk
7896,marunadanmalayali.com
7900,fabric.io
7901,formget.com
7902,doityourself.com
7904,google.co.cr
7905,www.experian.com
7907,classdojo.com
7908,americangirl.com
7909,justia.com
7910,public-api.wordpress.com
7914,work.ua
7916,freepornvs.com
7920,ohio.gov
7924,sucuri.net
7926,serps.com
7927,gameblog.fr
7932,google.com.lb
7933,hsbc.com.br
7935,careesma.in
7936,restorationhardware.com
7937,www.premiumtimesng.com
7939,crackberry.com
7940,cricfree.tv
7942,icq.com
7943,customink.com
7944,www.georgetown.edu
7945,www.ticketmaster.co.uk
7946,emailsrvr.com
7948,tehran.ir
7949,www.seoprofiler.com
7950,lpoint.com
7953,gmu.edu
7954,licindia.in
7956,computeruniverse.net
7959,geizhals.de
7960,www.gwu.edu
7963,stream2u-tv.me
7964,rotapost.ru
7965,www.bet365.gr
7966,onlinetrade.ru
7968,piratebay.to
7970,adblockplus.org
7972,acehardware.com
7973,marumaru.in
7974,cinemark.com
7976,koudaitong.com
7977,www.qualcomm.com
7978,www.apply2jobs.com
7979,www.cnn.co.jp
7982,weltbild.de
7985,olke.az
7989,navalny.com
7990,poppen.de
7991,dfiles.eu
7992,songza.com
7993,apkmirror.com
7994,warriorplus.com
7995,nk.pl
7996,snapwidget.com
8001,bit.ly
8002,greenhouse.io
8004,detailtoothteam.com
8005,abczdrowie.pl
8006,cebupacificair.com
8007,tzarmedia.com
8008,evine.com
8009,google.mg
8012,seoclerk.com
8013,subject.tmall.com
8014,t3n.de
8018,pingan.com
8019,photodune.net
8020,classiccars.com
8021,lesinrocks.com
8022,redditgifts.com
8023,pclab.pl
8026,linkbucks.com
8027,kproxy.com
8029,www.gandermountain.com
8031,uhaul.com
8032,dramatime.me
8033,yify.tv
8034,www.activehosted.com
8037,www.smythstoys.com
8038,www.ingdirect.it
8039,www.allure.com
8042,www.tanga.com
8043,pizap.com
8044,animalplanet.com
8047,posta.com.tr
8048,mp3mad.com
8052,indiana.edu
8054,www.everydayhealth.com.tw
8055,bitcoinzebra.com
8056,lurkmore.to
8057,teambeachbody.com
8061,www.sunat.gob.pe
8067,fishwrapper.com
8068,www.mercadolivre.com
8069,corporateperks.com
8070,experiandirect.com
8071,portail.free.fr
8072,www.dnainfo.com
8075,klix.ba
8076,megamozg.ru
8077,vulcandelux.com
8080,mlbtraderumors.com
8083,zoomby.ru
8084,desiserials.tv
8085,suggest.com
8088,bollywoodshaadis.com
8090,surfingbird.ru
8094,hbo.com
8095,digital-photography-school.com
8096,createsend.com
8097,www.sii.cl
8098,chann.net
8099,bitcoinwisdom.com
8100,komputronik.pl
8102,farecompare.com
8103,jeanmarcmorandini.com
8104,apne.tv
8108,kingarthurflour.com
8110,on24.com
8111,www.netbet.com
8113,nikkan-spa.jp
8114,megabus.com
8115,india.gov.in
8116,makeupalley.com
8118,comicbookmovie.com
8119,torrid.com
8120,mobile.bg
8121,fbdown.net
8123,consumers-survey.com
8126,seslisozluk.net
8127,rome2rio.com
8128,tawk.to
8132,www.webcg.net
8134,a8.net
8135,networksolutionsemail.com
8138,webartex.ru
8139,imgdrive.co
8140,www.thenation.com
8141,movie-blog.org
8143,www.dogpile.com
8145,www.ed.ac.uk
8146,linuxmint.com
8147,bankmillennium.pl
8150,gameinformer.com
8151,experienceproject.com
8152,raywenderlich.com
8154,streeteasy.com
8158,axeso5.com
8159,fusion.net
8160,hipmunk.com
8161,download-genius.com
8166,musixmatch.com
8169,three.co.uk
8172,powvideo.net
8177,pr0gramm.com
8182,buienradar.nl
8184,echosign.com
8185,thefreethoughtproject.com
8187,ru.wix.com
8189,kerala.gov.in
8190,anidub.com
8191,hotpads.com
8192,bleepingcomputer.com
8195,kurir.mk
8197,vidal.fr
8199,oodle.com
8200,creativecow.net
8203,tamilyogi.tv
8207,www.hellowork.go.jp
8212,ecwid.com
8213,careers360.com
8217,akoam.com
8218,nettavisen.no
8219,torchbrowser.com
8220,binbox.io
8221,altadefinizione01.com
8227,authoritynutrition.com
8228,rcgroups.com
8229,jameda.de
8230,mindmeister.com
8231,decathlon.es
8232,domain.com
8233,plus28.com
8235,homestead.com
8236,athemes.com
8238,securesuite.co.uk
8240,nearbuy.com
8245,exmo.com
8247,porn.es
8249,fextralife.com
8254,24tv.ua
8255,nethouse.ru
8256,airfrance.fr
8258,720pizle.com
8261,yidio.com
8265,themepunch.com
8271,www.myprotein.com
8272,bookmeter.com
8273,makezine.com
8274,digiato.com
8275,mall.cz
8276,theme.co
8278,metrodeal.com
8279,zangsisi.net
8280,www.cinematoday.jp
8281,cheapassgamer.com
8283,bitnami.com
8286,gametv.vn
8287,navercorp.com
8289,thenounproject.com
8290,lolipop.jp
8291,vertoz.com
8292,www.diapers.com
8293,movoto.com
8294,cybozulive.com
8296,rp.pl
8299,instapaper.com
8300,oscaro.com
8301,equifax.com
8302,light-dark.net
8303,astrology.com
8306,myegy.cc
8307,www.telemundo.com
8309,cheaperthandirt.com
8312,www.choicehotels.com
8313,zennioptical.com
8315,stayfriends.de
8316,apytrc.com
8317,www.nexon.co.jp
8319,www.waseet.net
8320,matchesfashion.com
8322,www.bootply.com
8323,seriesblanco.com
8324,novafile.com
8326,sawtbeirut.se
8327,clevelandclinic.org
8329,weddingwire.com
8330,www.nielsen.com
8332,lu.com
8337,upjers.com
8338,16personalities.com
8340,limango.de
8342,elastic.co
8343,tagesanzeiger.ch
8344,www.felissimo.co.jp
8345,tayara.tn
8346,iwriter.com
8347,jbhifi.com.au
8350,bluefly.com
8356,lootcrate.com
8358,meh.com
8359,vouchercodes.co.uk
8360,www.voeazul.com.br
8361,www.ucm.es
8362,9111.ru
8365,www.axs.com
8366,www.burlingtoncoatfactory.com
8367,kobobooks.com
8369,melty.fr
8372,oldcatlady.com
8375,websitewelcome.com
8376,mom.me
8378,backlinko.com
8379,sendgrid.com
8380,cool3c.com
8381,webceo.com
8383,jimmyjohns.com
8388,www.nzz.ch
8389,bpiexpressonline.com
8391,obi.de
8394,www.abof.com
8396,e621.net
8397,airbnb.co.uk
8398,sproutsocial.com
8400,escapistmagazine.com
8401,residentadvisor.net
8404,todocoleccion.net
8405,saveup.jp
8408,www.asahibeer.co.jp
8409,gofuckbiz.com
8410,celebjihad.com
8412,ixigo.com
8413,brookstone.com
8418,kliksa.com
8419,maxcdn.com
8420,gemius.com
8421,bbspink.com
8422,www.kyobobook.co.kr
8425,islamqa.info
8427,www.gucci.com
8431,manga-zip.net
8432,mp3lio.co
8434,www.calottery.com
8436,serienjunkies.org
8440,google.ge
8441,www.ocbc.com
8443,a2hosting.com
8446,www.lookfantastic.com
8447,tkmaxx.com
8448,sp.com.sa
8450,superpages.com
8451,tatts.com
8454,townwork.net
8455,ssense.com
8456,zivame.com
8458,shfft.com
8461,www.sudinfo.be
8462,promiflash.de
8463,hatelabo.jp
8466,endomondo.com
8467,rubias19.com
8469,ato.mx
8470,tema.livejournal.com
8472,hasoffers.com
8473,www.marlboro.com
8474,postfinance.ch
8475,twc.com
8477,risingtraffic.com
8478,dizilab.com
8479,up-00.com
8480,mcgill.ca
8483,sanwa.co.jp
8484,geo.tv
8485,thefappening.so
8489,www.fxstreet.com
8490,www.fluege.de
8491,www.gomaji.com
8492,allday.com
8498,carbuzz.com
8499,brainpickings.org
8500,google.al
8502,lavenir.net
8503,findwide.com
8505,www.phileweb.com
8508,postgresql.org
8509,onvista.de
8510,cinemotions.com
8512,nordea.se
8513,sagepay.com
8515,www.html.it
8517,sinemalar.com
8518,www.volkskrant.nl
8520,jumblejoy.com
8522,sverigesradio.se
8526,www.expedia.co.uk
8527,www.specout.com
8529,yelp.de
8530,sinembargo.mx
8531,22.cn
8533,airbnb.fr
8534,twcc.com
8535,www.caringbridge.org
8540,gandi.net
8541,wsu.edu
8544,www.swarovski.com
8546,www.pdapi.com
8550,consumerist.com
8551,www.elsiglodetorreon.com.mx
8552,stoiximan.gr
8555,hackerrank.com
8556,www.search-results.com
8559,career.ru
8562,teefury.com
8566,www.vivareal.com.br
8567,covers.com
8568,dizipub.com
8569,local.ch
8574,drsfostersmith.com
8576,plos.org
8577,dstv.com
8579,ele.me
8583,www.verivox.de
8585,www.rbc.com
8587,www.swansonvitamins.com
8590,demae-can.com
8595,healthunlocked.com
8598,todaysppc.com
8600,qianxs.com
8601,imgsrc.ru
8602,bola.com
8603,www.alfemminile.com
8604,dailyfinance.com
8605,mostaql.com
8607,memecenter.com
8608,cbr.ru
8611,real.de
8613,astrosage.com
8617,payline.ir
8618,brown.edu
8622,studentdoctor.net
8624,www.anastasiadate.com
8625,link-assistant.com
8626,crazyegg.com
8627,ajel.sa
8628,theoldreader.com
8629,tv3.lt
8630,segou456.info
8637,zalando.es
8638,thrivemarket.com
8639,tradekorea.com
8640,blabbermouth.net
8641,marketingland.com
8642,kingsoft.jp
8643,rainierland.com
8644,zumi.pl
8645,friendscout24.de
8646,www.s3.com.tw
8649,crocs.com
8652,businessinsider.com.au
8655,pembepanjur.com
8658,www.ledauphine.com
8659,purewow.com
8662,deutsche-wirtschafts-nachrichten.de
8663,www.ad-center.com
8664,kuleuven.be
8666,www.bmwusa.com
8668,google.am
8670,pinoynetwork.se
8671,filecrypt.cc
8675,bzwbk.pl
8676,www.beppegrillo.it
8681,www.nation.co.ke
8684,www.rediffmail.com
8687,mediapart.fr
8688,payback.in
8690,tabloidpulsa.co.id
8691,thebadside.com
8694,newsday.com
8696,iheartdogs.com
8697,www.iconnect.co.in
8698,hepsibahis202.com
8699,okazii.ro
8700,www.paragonrels.com
8703,www.technologyreview.com
8704,cromaretail.com
8705,droid-life.com
8706,www.sucursalelectronica.com
8709,www.sanyonews.jp
8712,www.franceinfo.fr
8715,universal.org
8717,dynadot.com
8719,www.e-autopay.com
8720,popcorn-time.se
8721,opensky.com
8722,anakbnet.com
8724,minecraftskins.com
8725,gls-group.eu
8726,buysellads.com
8727,streema.com
8730,www.alamaula.com
8731,fakku.net
8733,www.crazy8.com
8734,www.vtexcommercestable.com.br
8735,ziraatbank.com.tr
8736,raise.com
8743,santanderbank.com
8747,plenti.com
8749,www.otakomu.jp
8750,www.onlinesbh.com
8751,retrip.jp
8753,minq.com
8755,capitaloneinvesting.com
8757,hdmovie14.net
8759,kickasstorrents.eu
8762,miaopai.com
8763,www.myhermes.de
8769,debadibux.info
8772,www.followmyhealth.com
8776,autotrader.co.za
8778,www.onlineshoes.com
8779,streamay.com
8781,newalbumreleases.net
08784,websitemaintenancewire.com
8788,datafilehost.com
8790,okpay.com
8791,sharethis.com
8793,ccma.cat
8794,mojomarketplace.com
8795,tjournal.ru
8798,hopy.com
8800,webtransfercard.com
8801,athenahealth.com
8805,instant-gaming.com
8807,avis.com
8808,pornhubpremium.com
8812,lawson.co.jp
